-- phpMyAdmin SQL Dump
-- version 4.9.0.1
-- https://www.phpmyadmin.net/
--
-- Host: localhost:3306
-- Generation Time: Jan 08, 2020 at 01:28 PM
-- Server version: 5.7.28-log-cll-lve
-- PHP Version: 7.3.6

SET SQL_MODE = "NO_AUTO_VALUE_ON_ZERO";
SET AUTOCOMMIT = 0;
START TRANSACTION;
SET time_zone = "+00:00";


/*!40101 SET @OLD_CHARACTER_SET_CLIENT=@@CHARACTER_SET_CLIENT */;
/*!40101 SET @OLD_CHARACTER_SET_RESULTS=@@CHARACTER_SET_RESULTS */;
/*!40101 SET @OLD_COLLATION_CONNECTION=@@COLLATION_CONNECTION */;
/*!40101 SET NAMES utf8mb4 */;

--
-- Database: `doniyorb_aehs`
--

-- --------------------------------------------------------

--
-- Table structure for table `tbl_actions`
--

CREATE TABLE `tbl_actions` (
  `id` int(11) NOT NULL,
  `user_id` int(11) NOT NULL,
  `lesslet_id` int(11) NOT NULL,
  `action` tinyint(3) NOT NULL,
  `created_at` timestamp NOT NULL DEFAULT CURRENT_TIMESTAMP,
  `updated_at` timestamp NOT NULL DEFAULT '0000-00-00 00:00:00'
) ENGINE=MyISAM DEFAULT CHARSET=utf8 COLLATE=utf8_unicode_ci;

--
-- Dumping data for table `tbl_actions`
--

INSERT INTO `tbl_actions` (`id`, `user_id`, `lesslet_id`, `action`, `created_at`, `updated_at`) VALUES
(1, 1, 6, 1, '2019-10-02 12:35:49', '0000-00-00 00:00:00'),
(2, 1, 7, 1, '2019-10-02 12:35:49', '0000-00-00 00:00:00'),
(3, 110, 24, 1, '2019-10-02 12:35:49', '0000-00-00 00:00:00'),
(4, 103, 24, 1, '2019-10-02 12:35:49', '0000-00-00 00:00:00'),
(5, 112, 24, 1, '2019-10-02 12:35:49', '0000-00-00 00:00:00'),
(6, 116, 23, 1, '2019-10-02 12:35:49', '0000-00-00 00:00:00'),
(7, 104, 23, -1, '2019-10-02 12:35:49', '0000-00-00 00:00:00'),
(8, 110, 23, 1, '2019-10-02 12:35:49', '0000-00-00 00:00:00'),
(9, 103, 22, -1, '2019-10-02 12:46:26', '0000-00-00 00:00:00'),
(10, 107, 22, -1, '2019-10-02 12:46:26', '0000-00-00 00:00:00'),
(11, 104, 22, -1, '2019-10-02 12:46:26', '0000-00-00 00:00:00'),
(12, 117, 21, 1, '2019-10-02 12:49:13', '0000-00-00 00:00:00'),
(13, 102, 21, -1, '2019-10-02 12:49:13', '0000-00-00 00:00:00'),
(14, 114, 21, -1, '2019-10-02 12:49:13', '0000-00-00 00:00:00'),
(15, 117, 20, 1, '2019-10-02 12:50:29', '0000-00-00 00:00:00'),
(16, 106, 20, 1, '2019-10-02 12:50:29', '0000-00-00 00:00:00'),
(17, 108, 20, 1, '2019-10-02 12:50:29', '0000-00-00 00:00:00'),
(18, 113, 19, 1, '2019-10-02 12:55:16', '0000-00-00 00:00:00'),
(19, 116, 19, 1, '2019-10-02 12:55:16', '0000-00-00 00:00:00'),
(20, 118, 19, -1, '2019-10-02 12:55:16', '0000-00-00 00:00:00'),
(21, 101, 16, 1, '2019-10-02 12:58:55', '0000-00-00 00:00:00'),
(22, 119, 16, 1, '2019-10-02 12:58:55', '0000-00-00 00:00:00'),
(23, 102, 16, 1, '2019-10-02 12:58:55', '0000-00-00 00:00:00'),
(24, 105, 18, 1, '2019-10-02 13:01:05', '0000-00-00 00:00:00'),
(25, 101, 18, 1, '2019-10-02 13:01:05', '0000-00-00 00:00:00'),
(26, 112, 18, 1, '2019-10-02 13:01:05', '0000-00-00 00:00:00'),
(32, 118, 18, 1, '2019-10-08 10:24:29', '0000-00-00 00:00:00'),
(51, 1, 9, 0, '2019-10-02 12:35:49', '0000-00-00 00:00:00'),
(50, 1, 37, 5, '2019-10-02 13:01:05', '0000-00-00 00:00:00'),
(49, 2, 21, 1, '2019-11-20 12:41:42', '0000-00-00 00:00:00'),
(47, 1, 16, 1, '2019-10-26 16:37:49', '0000-00-00 00:00:00'),
(53, 2, 39, 1, '2019-12-26 16:37:49', '0000-00-00 00:00:00'),
(54, 2, 40, 1, '2019-12-26 16:37:49', '0000-00-00 00:00:00'),
(55, 2, 41, 1, '2019-12-26 16:37:49', '0000-00-00 00:00:00'),
(56, 2, 42, 10, '2019-12-26 16:37:49', '0000-00-00 00:00:00'),
(57, 26, 41, 1, '2019-12-07 16:17:49', '0000-00-00 00:00:00');

-- --------------------------------------------------------

--
-- Table structure for table `tbl_algcon`
--

CREATE TABLE `tbl_algcon` (
  `id` int(11) NOT NULL,
  `algtop_id` int(11) NOT NULL,
  `order` int(11) NOT NULL,
  `title` varchar(255) COLLATE utf8_unicode_ci NOT NULL,
  `body` text COLLATE utf8_unicode_ci NOT NULL,
  `created_at` timestamp NOT NULL DEFAULT CURRENT_TIMESTAMP ON UPDATE CURRENT_TIMESTAMP,
  `updated_at` timestamp NOT NULL DEFAULT '0000-00-00 00:00:00'
) ENGINE=MyISAM DEFAULT CHARSET=utf8 COLLATE=utf8_unicode_ci;

--
-- Dumping data for table `tbl_algcon`
--

INSERT INTO `tbl_algcon` (`id`, `algtop_id`, `order`, `title`, `body`, `created_at`, `updated_at`) VALUES
(1, 1, 2, 'Chiziqli algoritmlar', 'Chiziqli algoritmlar faqat ketma-ket bajariladigan amallardan tashkil topadi. Bunday amallarni ifodalash uchun “ketma-ketlik” strukturasi ishlatiladi. Ushbu strukturada bajariladigan har-bir amal, uning blok-sxemasini tuzishda, o’ziga mos shakl bilan ko’rsatiladi. Chiziqli algoritmlar uchun umumiy jihatdan blok-sxema quyidagicha: <br>\r\n<img class=\"pure-img\" src=\"/images/algoritmlar/chiziqli(1.1).png\" alt=\"\" width=\"150\" height=\"\">\r\n1-Rasm. Chiziqli algoritmlar uchun umumiy jihatdan blok-sxema <br>', '2019-10-01 16:25:15', '2019-09-11 20:04:56'),
(2, 2, 1, 'Tarmoqlanuvchi algoritmlar', 'Agar hisoblash jarayoni biror berilgan shartning bajarilishiga qarab turli tarmoqlar bo’yicha davom ettirilsa va xisoblash jarayonida shu tarmoqlarning faqat bittasigina bajarilsa, bunday hisoblash jarayonlariga “tarmoqlanuvchi algoritmlar” deyiladi. Tarmoqlanuvchi algoritmlar uchun “Ayri” strukturasi ishlatiladi. Tarmoqlanuvchi strukturasi berilgan shartlarning bajarilishiga qarab ko’rsatilgan tarmoqdan faqat bittasining bajarilishini ta’minlaydi.<br>\r\n<img class=\"pure-img\" src=\"/images/algoritmlar/tarmoq_block(2.1).png\" alt=\"\" width=\"150\" height=\"\">\r\n2.1-Rasm. Tarmoqlanuvchi block-sxema<br>\r\nBerilgan shart romb orqali ifodalanadi, R-berilgan shart. Agar shart bajarilsa, \"ha\" tarmoq bo‘yicha A amal, shart bajarilmasa \"yo‘q\" tarmoq bo‘yicha B amal bajariladi. Tarmoqlanuvchi algoritmga tipik misol sifatida quyidagi sodda misolni qaraylik.<br> <img class=\"pure-img\" src=\"/images/algoritmlar/tarmoq_formula(2.1).png\" width=\"150\" height=\"\"> <br>\r\nBerilgan x ning qiytmatiga bog‘liq holda, agar u musbat bo‘lsa «ha» tarmoq bo‘yicha y=x<sup>2</sup> funksiyaning qiymati, aks holda y = -x<sup>2</sup> funksiyaning qiymati hisoblanadi.<br> <img class=\"pure-img\" src=\"/images/algoritmlar/tarmoq_block(2.2).png\" alt=\"\" width=\"150\" height=\"\"> 2.2-Rasm. Tarmoqlanuvchi block-sxema<br>\r\nKo‘pgina masalalarni yechishda, shart asosida tarmoqlanuvchi algoritmlarning ikkita tarmog‘idan bittasining, ya’ni <i>«ha»</i> yoki <i>«yo‘q»</i> ning bajarilishi yetarli bo‘ladi. Bu holat tarmoqlanuvchi algoritmning xususiy holi sifatida aylanish strukturasi deb atash mumkin. <br> <img class=\"pure-img\" src=\"/images/algoritmlar/tarmoq_block(2.3).png\" alt=\"\" width=\"150\" height=\"\"> 2.3-Rasm. Aylanish strukturasi.', '2019-09-28 11:16:17', '2019-09-28 11:16:17'),
(6, 3, 1, 'Takrorlanuvchi algoritmlar', 'Agar biror masalani yechish uchun tuzilgan zarur bo‘lgan amallar ketma-ketligining ma’lum bir qismi biror parametrga bog‘liq ko‘p marta qayta bajarilsa, bunday algoritm takrorlanuvchi algoritm yoki siklik algoritmlar deyiladi. Takrorlanuvchi algoritmlarga tipik misol sifatida odatda qatorlarning yig‘indisi yoki ko‘paytmasini hisoblash jarayonlarini qarash mumkin. Quyidagi yig‘indini hisoblash algoritmini tuzaylik. <br>\r\n<img class=\"pure-img\" src=\"/images/algoritmlar/takror_formula(3.1).png\" alt=\"\" width=\"150\" height=\"\"> <br>\r\nBu yig‘indini hisoblash uchun i=0 da S=0 deb olamiz va i=i+1 da S =S+i<sup>2</sup> ni hisoblaymiz. Bu yerda birinchi va ikkinchi qadamlar uchun yig‘indi hisoblandi va keyingi qadamda i parametr yana bittaga orttiriladi va navbatdagi raqam avvalgi yig‘indi S ning ustiga qo‘shiladi va bu jarayon shu tartibda to i &lt N sharti bajarilmaguncha davom ettiriladi va natijada izlangan yig‘indiga ega bo‘lamiz. Bu fikrlarni quyidagi algoritm sifatida ifodalash mumkin:\r\n<code>\r\n  N – berilgan bo‘lsin:\r\n  <ol>\r\n    <li>i=0 berilsin</li>\r\n    <li>S=0 berilsin</li>\r\n    <li>i=i+1 hisoblansin</li>\r\n    <li>S=S+i hisoblansin</li>\r\n    <li>i &lt N tekshirilsin va bu shart bajarilsa 4-satrga qaytilsin, aks holda  keyingi qatorga o‘tilsin</li>\r\n    <li>S ning qiymati chop etilsin</li>\r\n  </ol>\r\n  </code> <img class=\"pure-img\" src=\"/images/algoritmlar/takror_block(3.2).png\" alt=\"\" width=\"150\" height=\"\"> <br> \r\n  3.2-Rasm. Takrorlanuvchi algoritm blok-sxemasi.<br> \r\n  Yuqorida keltirilgan algoritm va blok sxemadan ko‘rinib turibdiki amallar ketma-ketligining ma’lum qismi parametr i ga nisbatan N marta takrorlanayapti.  \r\n  Yuqorida ko‘rilgan yig‘indi blok sxemalaridagi takrorlanuvchi qismlariga (aylana ichiga olingan) quyidagi sharti keyin berilgan siklik struktura mos kelishini ko‘rish mumkin. \r\n  Yuqoridagi blok sxemalarda shartni oldin tekshiriladigan holatda chizish mumkin edi. Masalan, yig‘indining algoritmini qaraylik. Bu blok sxemaning takrorlanuvchi qismiga quyidagi, \r\n  sharti oldin berilgan siklik strukturaning mos kelishini ko‘rish mumkin. \r\n  (3.2-Rasm) da keltirilgan blok sxemalarining shrtihlangan qismi takrorlanish qismi bo’lib, uni quyidagi parametrli takrorlash strukturasi ko‘rinishida ham ifodalash mumkin. <br> ', '2019-09-28 11:16:17', '2019-09-28 11:16:17'),
(8, 3, 3, 'Parametrli takrorlanuvchi algoritmlar', ' <img class=\"pure-img\" src=\"/images/algoritmlar/takror_block(3.3).png\" alt=\"\" width=\"150\" height=\"\"><br> \r\n  3.3-Rasm. Parametr takrorlash.<br> Parametrli takrorlash operatoriga misol sifatida berilgan <i>x=1,2,3,..,10 </i>larda  \r\n  <img class=\"pure-img\" src=\"/images/algoritmlar/takror_formula(3.2).png\" alt=\"\" width=\"150\" height=\"\"><br> \r\n  funksiyasining qiymatlarini hisoblash blok-sxemasini qarash mumkin. <br> <img class=\"pure-img\" src=\"/images/algoritmlar/takror_block(3.4).png\" alt=\"\" width=\"150\" height=\"\"><br> \r\n  3.4-Rasm. Parametrli takrorlash operatoriga doir algoritm <br>\r\n\r\n<b> Ichma-ich joylashgan siklik algoritmlar.</b> Ba’zan, takrorlanuvchi algoritmlar bir nechta parametrlarga bog‘liq bo‘ladi. Odatda bunday algoritmlarni ichma-ich joylashgan algortmlar deb ataladi. Misol sifati berilgan NxM o‘lchovli a<sub>ij</sub> –matritsa elementlarining yig‘indisini hisoblash masalasini qaraylik. <br>\r\n<img class=\"pure-img\" src=\"/images/algoritmlar/takror_formula(3.3).png\" alt=\"\" width=\"150\" height=\"\"><br>\r\nBu yig‘indi hisoblash uchun, <i>i</i> ning har bir qiymatida j bo’yicha ko‘paytmani hisoblab, avvalgi yig‘indi ustiga ketma-ket qo‘shib borish kerak bo‘ladi. Bu jarayon quyidagi blok–sxemada aks ettirilgan. Bu yerda yig‘indi uchun i-tashqi sikl, j-esa ko‘paytmani hosil qilish uchun ichki sikl foydalanilgan. <br>\r\n<img class=\"pure-img\" src=\"/images/algoritmlar/takror_block(3.5).png\" alt=\"\" width=\"150\" height=\"\">\r\n<br>\r\n3.5-Rasm. Ichma-ich joylashgan siklik algoritmga doir blok-sxema <br>', '2019-09-28 11:16:17', '2019-09-28 11:16:17'),
(9, 3, 4, 'Rekurrent algoritmlar.', 'Hisoblash jarayonida ba’zi bir algoritmlarning o‘ziga qayta murojaat qilishga to‘g‘ri keladi. \r\nO‘ziga–o‘zi murojaat qiladigan algoritmlarga rekkurent algoritmlar yoki rekursiya deb ataladi. <br>\r\n Bunday algoritmga misol sifatida <i>Fibonachchi</i> sonlarini keltirish mumkin. Ma’lumki, Fibonachchi sonlari quyidagicha aniqlangan.<br>\r\n<i> F<sub>0</sub> ;  F<sub>1</sub> ; … ; F<sub>i</sub> = F<sub>i-1</sub> + F<sub>i-2</sub> ; i > 1</i>\r\n<br>\r\nBu rekkurent ifoda algoritmiga mos keluvchi blok-sxema va MathCad dastur kodi #-rasmda keltirilgan. \r\nEslatib o‘tamiz formuladagi i-indeksga hojat yo‘q, agar Fibonachchi sonining tartib raqamini ham aniqlash zarur bo‘lsa, birorta parametr-kalit kiritish kerak bo‘ladi.  \r\n<img class=\"pure-img\" src=\"/images/algoritmlar/takror_block(3.6).png\" alt=\"\" width=\"80%\"> \r\n<br>\r\n3.6-rasm. Fibonachchi sonlarining n-hadini hisoblash algoritm blok-sxemasi. <br>\r\nAmalda shunday bir masalalar uchraydiki, ularda takrorlanishlar soni oldindan berilmagan-noma’lum bo‘ladi. Ammo, bu jarayonni tugatish uchun biror bir shart berilgan bo‘ladi. <br>\r\nMasalan, quyidagi <br><img class=\"pure-img\" src=\"/images/algoritmlar/takror_formula(3.4).png\" alt=\"\" width=\"150\" height=\"\"> <br>\r\nqatorda nechta had bilan chegaralanish berilmagan. Lekin qatorni ε aniqlikda hisoblash zarur bo‘ladi. Buning uchun | 1/i | > ε shartni olish mumkin.\r\n<br><img class=\"pure-img\" src=\"/images/algoritmlar/takror_block(3.7).png\" alt=\"\" width=\"150\" height=\"\">\r\n<br>3.7-Rasm. Takrorlanishlar soni oldindan no’malum bo‘lgan algoritmlarga doir blok-sxema.</br> ', '2019-09-28 11:16:17', '2019-09-28 11:16:17'),
(10, 3, 5, 'Ketma-ket yaqinlashuvchi yoki iteratsion algoritmlar.', ' Yuqori tartibli algebrayik va transsendent tenglamalarni yechish ususllari yoki algoritmlari ketma-ket yaqinlashuvchi – iteratsion algoritmlarga misollar bo‘la oladi. Ma’lumki, transsendent tenglamalarni yechishning quyidagi asosiy usullari mavjud: <br> <ul> <li>Urinmalar usuli (Nyuton usuli), </li> <li>Ketma-ket yaqinlashishi usuli, </li> <li>Vatarlar usuli,</li> <li>Teng ikkiga bo‘lish usuli.</li> </ul> Bizga <i>f ( x ) = 0</i> transsendent tenglama berilgan bo‘lsin. Faraz qilaylik bu tenglama [a,b] oraliqda uzluksiz va <i> f ( a ) * f ( b ) < 0</i> shartni qanoatlantirsin. Ma’lumki, bu holda berilgan tenglama [a,b] orilaqda kamida bitta ildizga ega bo‘ladi va u quyidagi (3.6) formula orqali topiladi. <br> <img class=\"pure-img\" src=\"/images/algoritmlar/takror_formula(3.6).png\" alt=\"\" width=\"200\" >  <br> Boshlang’ich x<sub>0</sub> qiymat  <i>f ( x <sub>0</sub> ) f ” ( x <sub>0</sub> ) < 0</i> shart asosida tanlab olinsa, (3.6) iteratsion albatta yaqinlashadi. Ketma-ketlik |X<sub>n+1</sub> - X<sub>n</sub>|<ε shart bajarilgunga qadar davom ettiriladi. Berilgan musbat a xaqiqiy sondan kvadrat ildiz chiqarish algoritmi tuzilsin. Bu masalani yechish uchun kvadrat ildizni x deb belgilab olib, &#8730;a = x              <br> Ifodalash yozib olamiz. U xolda <i>f ( x ) = 0</i> ga asosan <br> <i>f ( x ) = x<sup>2</sup> - a </i>	<b>(3.7)</b><br> ekanligini topish mumkin (3.7) ifodani (3.6) ga qo‘yib, quyidagi rekurrent formulani topish mumkin: <br> <img class=\"pure-img\" src=\"/images/algoritmlar/takror_formula(3.8).png\" width=\"150\" alt=\"\" >  <br>', '2019-09-28 11:16:17', '2019-09-28 11:16:17'),
(11, 10, 1, 'Algoritmik tillar. Ijrochilar va ularning ko‘rsatmalari', '<b>Algoritmik tillar</b> <p>Algoritmik til ( bundan buyon “dasturlash tili” deb yuritiladi) - turli hil natijalar hosil qilish uchun instruksiyalarga ega bo’lgan formal til. Biz yuqorida o’rgangan algoritmlarni computerda ijro ettirish va natijalar olish uchun istalgan bir dasturlash tillaridan biri ishlatilada. Demak dasturlash tillar bir muncha bo’lib, ulardan ko’plab qo’llaniladiganlari quyidagilar: Python, C, Java, Pascal, va xk. Ushbu tillardan birini tanlashda, berilgan masalaning va ijro etuvchining turiga bog’lib bo’ladi. Masalan, strukturali dasturlash tillarida (Paskal, C, Python) umumiy mazmundagi masalalarni yechish qulay. Biroq, muayyen turdagi masalalarda shu turdagi masalalarni qo’llab quvvotlovchi dasturlash tillari qulay. Statistik yoki matematik masalalarda Matlab, R, xk, dasturlash  tillari ishlatiladi. </p> <p>Odatda, dasturlash tillar deganda yuqori-tartibli tillar - Python, C++, C, Java, Pascal, BASIC, FORTRAN - tushuniladi. Har-bir dasturlash tilini o’zining kalit so’zlar to’plami va dasturlashdagi instruksiyalar sintaksisi mavjud. Shu bilan birga, quyi-tartibli tillar - mashina yoki assemblik tillar - elektron hisoblash mashinalarga yaqin bo’lib, bular o’rtasida muloqot tog’ridan-tog’ri bo’ladi. Quyi-tartibli tillar mashinalarga tushunarli bo’lib, turli mashinalardagi CPU o’zining shaxsiy machina tiliga ega bo’ladi. Biz yuqori-tartibli deb atagan dastuturlash tillaridan ham yuqoriroq, ya’ni to’rtinchi avlod, tillari ham mavjud. Ular inson so’zlashuv tiliga yaqin bo’lib ma’lumotlar bazalariga murojaat qilishda ishlatiladi. Misol uchun - ISMI “DOSTON” BO’LGAN HAMMA YOZUVLARNI TOP. </p> Quyida dasturlash tillarining avlodlari keltirilgan:<br> <ul> <li>Birinchi avlod:	Mashina tili (mashina kodi)</li> <li>Ikkinchi avlod:	Assemblik tillar</li> <li>Uchinchi avlod:	Paskal, C, Python, Java, va xk.</li> <li>To’rtinchi avlod:	SQL, dBase komponenti, FoxPro, va xk.</li> <li>Beshinchi avlod:	Sun’iy intelekt va neyron tarmoqlar (neural networks)da ishlatiluvchi tillar.</li> </ul>', '2019-10-07 11:47:13', '2019-09-28 11:16:17'),
(12, 10, 2, 'Algoritmik tillar. Ijrochilar va ularning ko‘rsatmalari', '<b>Ijrochilar</b>\r <p>Kundalik hayotda turli amallarni belgilangan algoritm bo’yicha bajarayotgan elektron qurilmalar: shaxsiy computerlar, mobil telefonlar, aqilliy soatlar, elektorn dastgoxlarni uchratamiz. Muayyan ijrochiga tavsiya etilayotgan vazifalar uning uchun tushunarli bo’lishi lozim. Chunki bir ijrochi faqatgina o’ziga belgilangan dastur bo’yicha amallarni bajarishgagina qodir. Demak, ijrochilar bajarishi kerak bo’lgan ko’rsatmalar yoki buyruqlar majmuasiga ega, u ijrochining ko’rsatmalar tizimi deyiladi. </p>\r <p>Shu bilan birga, ijrochiga berilayotgan ko’rsatmalar aniq mazmunda bo’lishi lozim. Ko’rsatmalardagi noaniqlik kutilgan maqsadga erishishga to’sqinlik qiladi. </p> <p> Algoritm ijrochisiga [1] quiyidagicha ta’rif beradi: Algoritmda ko’rsatilgan buyruq yoki ko’rsatmalarni bajara oluvchi abstrakt yoki real (texnik yoki biologik) sistema.<br> <label> Algoritm xossalari:</label> <ol> <li> Tushunarlilik </li> <li>Aniqlilik</li> <li>Diskretlik</li> <li>Natijaviylik</li> <li>Ommaviylik </li> </ul> </p>', '2019-10-07 11:47:18', '2019-09-28 11:16:17'),
(13, 5, 1, 'Protseduralar – yangi tuzilmalar. Ijrochilarga yangi tuzilmani qo‘llash.', '<p><b>Protsedura<b><br>\r Algoritm soxasining ajralib turuvchi jihatlaridan biri yozish qobiliyatidir. Bunda algoritm yozuvchi ijrochiga masalani qanday yechishni tushunarli, shu bilan bir vaqtda sodda va optimal tarzda ifodalab berishi lozim. Algoritmni yanada soddalashtirish maqsadida bir turdagi masalalarni yechishga asoslangan algoritm bloklari yoziladi va ularni protseduralar (ko\'rsatmalar) deyiladi. Protseduralarda yozilgan algoritm qo\'yilgan masalaga o\'xshash barcha variantlarni yecha olishi shart. Masalan n chi haddagi Fibonachi sonlar kemaketligini topuvchi protsedura n ning ixtiyoriy qiymatiga to\'g\'ri natija berishi kerak.\r </p>', '2019-09-28 11:16:17', '2019-09-28 11:16:17'),
(14, 11, 1, 'Rekursiya', '<p> Hisoblash jarayonida ba’zi bir algoritmlarning o‘ziga qayta murojaat qilishga to‘g‘ri keladi. O‘ziga–o‘zi murojaat qiladigan algoritmlarga rekkurent algoritmlar yoki rekursiya deb ataladi. Biron bir masalani yechishda, agar uni bir xil kichik yoki sodda masalaraga bo’lib bajarish mumkin bo’lsa, bunday hollarda rekursiv algoritm qo’llash mumkin.  </p>\r\n<p> Hayotda uchrovchi ba’zi masalalarni hal etish rekursiv algoritmlarni qo’llash orqali oson va intutitiv tarzda kechadi. Misol sifatida Fibonachi sonlari ketma-ketligi, faktorial hisoblash va quyida rasmi keltirilgan “Hanoi minorasi” kabilarni keltirishimiz mumkin.  </p> <img class=\"pure-img\" src=\"/images/algoritmlar/rekursiya_figura(22.1).jpg\" width=\"100%\" alt=\"\" >  ', '2019-10-07 03:22:36', '2019-09-28 11:16:17'),
(28, 4, 1, 'Tanlash va joylashtirish usulida saralash algoritmlari', 'Bu usul o\'rganish uchun oson, biroq samaralilik jihatdan nuqsonlarga ega. Shulardan ba\'zilari: saralanishi zarur bo\'lgan elementlarning soni ortishi hotira sarfining exponensial ravishda oshishi.\r\n<pre>				\r\n1 for j =2 to A.length\r\n2   key = A[j]\r\n     // A[j] elementni saralanganA[1 .. j-1] ketma-ketlikka joylash\r\n3   i=j-1\r\n4   while i > 0 and A[i] > key\r\n5   	A[i + 1] = A[ i ]\r\n6	i = i - 1\r\n7   A[i + 1] = key\r\n</pre>', '2019-10-07 15:58:15', '0000-00-00 00:00:00'),
(22, 11, 2, 'Rekursiya', '<p>Rekursiya bu bir-biriga o’xshash hodisalarni ketma-ket, biroq avvalgisi ta’sirida biroz o’zgargan holda takrorlanishi yoki biror masalani yechishga shu tartibda yaqinlashish. </p> <img class=\"pure-img\" src=\"/images/algoritmlar/rekursiya_figura(22.2).png\" width=\"100%\" alt=\"\" >  <br></p>', '2019-09-28 11:16:17', '2019-09-28 11:16:17'),
(23, 11, 3, 'Chegara', '<p> Qizil halqa bilan belgilangan parametrlarni extiyotkorlik bilan kiritish rekursiyani cheksiz takrorlanishdan saqlovchi va natijaga yaqinlashish qadamlari hisoblanadi. Agar mening “Ko’zgudagi rekursiya” misolimda tasvir aniqligi yetarlicha yuqori bo’lmagani uchun rekursiya hodisasini 3 marta kuzatish mumkin. <br> <img class=\"pure-img\" src=\"/images/algoritmlar/rekursiya_figura(22.3).png\" alt=\"\" >  </p>', '2019-09-28 11:16:17', '2019-09-28 11:16:17'),
(24, 11, 4, 'Hanoi minorasi', '<p>Afsonalarga ko’ra hind ibothonalaridan birida “Hanoi minora”si mavjud bo’lib uning uchta utruni va shu ustunlarga o’tkazilgan 64 ta tilla disklari bor. Ruhoniylar har kuni bir diksni ustunlarning biridan olib boshqasiga ko’chirishadi va ish bitishi taxminan 585 milliard yilni talab etadi. Disklarning o’lchami turli hil bo’lib ularni tartiblab bir ustunga qo’yilsa konus shaklini eslatadi. Maqsadlari oddiy, birinchi ustunda turgan bu disklarni oxir oqibat oxirgi uchunchi ustunga ko’chirish. Faqat qoida shuki: biror diskni ko’chirishda o’zidan kichigi ustiga qo’yish mumkun emas va doim eng yuqoridagi bitta diskni ko’chirish mumkun.  <br> <img alt=\"\" src=\"//upload.wikimedia.org/wikipedia/commons/thumb/6/60/Tower_of_Hanoi_4.gif/300px-Tower_of_Hanoi_4.gif\" decoding=\"async\" width=\"100%\" class=\"thumbimage\" srcset=\"//upload.wikimedia.org/wikipedia/commons/6/60/Tower_of_Hanoi_4.gif 1.5x\" data-file-width=\"320\" data-file-height=\"125\"></p> <p> Quyida 4 diskli hanoi minorasi recursive tarzda bajarilish keltirilgan sxema. Avval ko’rganimiz faktorial topish algoritmidan farqli o’laroq har bir funksiya tanasida o’ziga ikki marta ikki hil parametrlar bilan murojaat qilish bor. <img class=\"pure-img\" src=\"/images/algoritmlar/rekursiya_figura(22.6).png\" width=\"100%\" alt=\"\" >  <img class=\"pure-img\" src=\"/images/algoritmlar/rekursiya_figura(22.7).png\" width=\"100%\" alt=\"\" >   </p> ', '2019-09-28 11:16:17', '2019-09-28 11:16:17'),
(25, 1, 1, 'Algoritm', '<p>   Algoritm so’zi va tushunchasi IX asrda yashab ijod etgan Islom matematigi Muhammad al-Horazmiy nomi bilan bog’liq va algorithm uning Inglizcha talafuzi (Merriam Webster) </p> <p>   Algoritmga umumiy kelishilgan bir aniq ta’rif yo’q. Biroq, bir birini qo’llab quvvatlovchi, sohaning yetuklari keltirgan no formal ta’riflar mavjud. </p> <p>   <b>А.N. Kоlmоgоrоv:</b> Аlgоritm - bu qo’yilgаn mаsаlа nаtijаsigа qаndаydir sоndаgi qаdаmlаrdаn kеyin оlib kеluvchi mа’lum qоidаlаr bo’yichа bаjаriluvchi hаr qаndаy hisоblаsh tizimi. </p> <p>   <b>А.А. Mаrkоv:</b> Аlgоritm – bu bоshlаng’ich bеrilgаnlаrdаn izlаngаn nаtijаgа оlib kеluvchi hisоblаsh jаrаyonini аniqlоvchi аniq ko’rsаtmаlаrdir. </p> <p>   <b>Tomas Cormen:</b>  Algoritm - bu har qanday aniq belgilangan hisoblash jarayoni bo’lib, ma’lum bir qiymat yoki qiymatlar to’plamini kiritiluvchi sifatida olish, va natija sifatida ma’lum bir qiymat yoki qiymatlar to’plamini hosil qilish deyiladi. Shunday qilib, algoritm - kiritiluvchi axborotdan natijani hosil qiluvchi hisoblash qadamlarining bir ketma-ketligidir. </p>', '2019-10-01 16:25:26', '0000-00-00 00:00:00'),
(26, 1, 3, 'Algoritm pseudocode ko\'rinishida', 'Biz algoritmlarning homaki ko’rinishini psevdokod ko’rinishida yozamiz. Psevdokod bu mustaqil va boshqa dasturlash tillariga bog’liq emas. Bu, algoritmni Ingliz, O’zbek yoki boshqa so’zlashuv tilida strukturali ifodalash usuli. Bunda ingliz tilidan foydalanish keyinchalik maqsad qilingan dasturlash tili (masalan: Pascal)da tabiiy ravishda aks etishiga zamin bo’ladi. Keyinchalik, tayyor yozilgan va mantiqiy izchilligi barqaror qilingan psevdokodni istalgan dasturchi istalgan dasturlash tiliga o’girishi ozon bo’ladi. After we have written our pseudocode and made sure that it is logically consistent and solves the problem; we can easily translate the pseudocode into any programming language that we choose. Psevdokod uchun qat’iy belgilangan qoida yo’q. Har bir muallif o’zining shaxsiy usuli bo’lishi mumkin. Biroq, struktura jihatidan birhillik mavjud. Quyida uchta asosiy qurilmalari keltiramiz: <ul>   <li> Chiziqli ketma-ketlik: amallarni yoki statementlarning  faqat birin-ketin bajarilishi. </li>   <li> Tarmoqlanuvchi: IF-THEN-ELSE shartli ravishda ikki yoki undan ko’proq holatlarni solishtirish va shart qanoatlantirgan holda belgilangan amalni bajarish yoki bajarmaslik. </li>   <li> Takrorlanish: WHILE va FOR takrorlanuvchi amallar uchun operator. \r\n</li> </ul> \r\n<pre>\r\n<code>     \r\nMERGE(A,p,q,r)   Merge saralash algoritmi    \r\n1	n1 = q - p+1      \r\n2	n2 = r - q      \r\n3	Yangi L[1..n1+1] va R[1..n2+1] 	vektorlarni aniqlash      \r\n4	for i = 1 to n1      \r\n5		L[i] = A[p+i-1]      \r\n6	for j = 1 to n2      \r\n7		R[j] = A[q+j]      \r\n8	L[n1+1] = ∞      \r\n9	R[n2+1] = ∞      \r\n10	i = 1      \r\n11	j = 1      \r\n12	for k = p to r      \r\n13		if L[i] ≤ R[j]      \r\n14			A[k] = L[i]      \r\n15			i = i + 1      \r\n16		else	A[k] = R[j]      \r\n17			j = j + 1  \r\n</code> \r\n\r\n</pre>', '2019-10-01 06:00:46', '0000-00-00 00:00:00'),
(27, 1, 4, 'Algoritm blok-sxema ko\'rinishida', 'Blok-sxemalarni tuzishda foydalaniladigan asosiy sodda geometrik figuralar quyidagilardan iborat:<br>\r\n<table>\r\n  <tr>\r\n    <td>Nomi</td>\r\n    <td>Belgilanishi</td>\r\n    <td>Vazifasi</td>\r\n  </tr>\r\n  <tr>\r\n    <td>jarayon</td>\r\n    <td><img src=\"/images/lesslet_images/jarayon.svg\" width=\"25\"></td>\r\n    <td>Bir yoki bir nеchtа аmаllаrni bаjаrilishi nаtijаsidа mа’lumоtlаrning uzgаrishi</td>\r\n  </tr>\r\n  <tr>\r\n    <td>Qaror</td>\r\n    <td><img src=\"/images/lesslet_images/Romb.svg\" width=\"25\"></td>\r\n    <td>Birоr shаrtgа bоglik rаvishdа аlgоritmning bаjаrilish yunаlishini tаnlаsh</td>\r\n  </tr>\r\n  <tr>\r\n    <td>Sikl</td>\r\n    <td><img src=\"/images/lesslet_images/sikl.svg\" width=\"25\"></td>\r\n    <td>Dаsturni uzgаrtiruvchi buyruk yoki buyruklаr turkumini uzgаrtirish аmаlini bаjаrish</td>\r\n  </tr>\r\n  <tr>\r\n    <td>Аvvаl аniklаngаn jаrаyon</td>\r\n    <td><img src=\"/images/lesslet_images/funksiya.svg\" width=\"25\"></td>\r\n    <td>Оldindаn ishlаb chikilgаn dаstur yoki аlgоritmdаn fоydаlаnish</td>\r\n  </tr>\r\n  <tr>\r\n    <td>Kiritish chiqаrish</td>\r\n    <td><img src=\"/images/lesslet_images/kiritish_chiqarish.svg\" width=\"25\"></td>\r\n    <td>Ахbоrоtlаrni kаytа ishlаsh mumkin bulgаn shаklgа utkаzish yoki оlingаn nаtijаni tаsvirlаsh</td>\r\n  </tr>\r\n  <tr>\r\n    <td>Bog\'lagich</td>\r\n    <td><img src=\"/images/lesslet_images/bog\'lagich.svg\" width=\"25\"></td>\r\n    <td>Uzilib kоlgаn ахbоrоt оkimlаrini ulаsh bеlgisi</td>\r\n  </tr>\r\n  <tr>\r\n    <td>Hujjat</td>\r\n    <td><img src=\"/images/lesslet_images/hujjat.svg\" width=\"25\"></td>\r\n    <td>Ахbоrоtlаrni kоgоzgа chikаrish yoki kоgоzdаn kiritish</td>\r\n  </tr>\r\n  <tr>\r\n    <td>Boshlash / tugatish</td>\r\n    <td><img src=\"/images/lesslet_images/boshlash_tugatish.svg\" width=\"25\"></td>\r\n    <td>Ахbоrоtni kаytа ishlаshni bоshlаsh, vаktinchа yoki butunlаy tuхtаtish</td>\r\n  </tr>\r\n</table>\r\n', '2019-10-07 16:03:19', '0000-00-00 00:00:00'),
(29, 4, 2, 'Sheyker usulida saralash algoritmi', 'Ushbu concept bo\'yicha matn tashkil qilinmagan. <br>\r\nO\'tilgan darslarda olgan bilimlaringizdan foydalanib LESSLET yarating ', '2019-10-08 10:18:21', '0000-00-00 00:00:00');

-- --------------------------------------------------------

--
-- Table structure for table `tbl_algtop`
--

CREATE TABLE `tbl_algtop` (
  `id` int(11) NOT NULL,
  `title` varchar(255) COLLATE utf8_unicode_ci NOT NULL
) ENGINE=MyISAM DEFAULT CHARSET=utf8 COLLATE=utf8_unicode_ci;

--
-- Dumping data for table `tbl_algtop`
--

INSERT INTO `tbl_algtop` (`id`, `title`) VALUES
(1, 'Chiziqli algoritmlar'),
(2, 'Tarmoqlanuvchi algoritmlar'),
(3, 'Takrorlanuvchi algoritmlar'),
(4, 'Turli usullarda saralash algoritmlari'),
(10, 'Algoritmik tillar. Ijrochilar va ularning ko‘rsatmalari'),
(11, 'Rekursiya. Toki tuzilmasi');

-- --------------------------------------------------------

--
-- Table structure for table `tbl_input`
--

CREATE TABLE `tbl_input` (
  `id` int(11) NOT NULL,
  `user_id` int(11) NOT NULL,
  `input` int(11) NOT NULL
) ENGINE=InnoDB DEFAULT CHARSET=utf8;

--
-- Dumping data for table `tbl_input`
--

INSERT INTO `tbl_input` (`id`, `user_id`, `input`) VALUES
(2, 1002, 3),
(3, 2, 3),
(4, 1, 3),
(55, 1101, -2),
(56, 1102, -2),
(57, 1103, -4),
(58, 1104, -6),
(59, 1105, -2),
(60, 1106, -4),
(61, 1107, -2),
(62, 1108, 0),
(63, 1109, -2),
(64, 1110, -4),
(65, 114, -2),
(66, 1112, -6),
(67, 1113, -2),
(68, 1114, -2),
(69, 1115, -4),
(70, 104, -4),
(71, 1117, -2),
(72, 1118, -2),
(73, 1119, -2),
(74, 1120, -4),
(75, 1121, -4),
(76, 117, -2),
(77, 1123, -2),
(78, 1124, -2),
(79, 1125, -4),
(80, 1126, -2),
(81, 1127, -2),
(82, 1128, 0),
(83, 303, -2),
(84, 118, -4),
(85, 1131, -2),
(86, 1132, -2);

-- --------------------------------------------------------

--
-- Table structure for table `tbl_lesslet`
--

CREATE TABLE `tbl_lesslet` (
  `id` int(11) NOT NULL,
  `user_id` int(11) NOT NULL,
  `concept_id` int(11) NOT NULL,
  `definition` text COLLATE utf8_unicode_ci NOT NULL,
  `example` text COLLATE utf8_unicode_ci NOT NULL,
  `test` text COLLATE utf8_unicode_ci NOT NULL,
  `image_example` varchar(45) COLLATE utf8_unicode_ci NOT NULL,
  `correct_answer` varchar(45) COLLATE utf8_unicode_ci NOT NULL,
  `score` tinyint(3) NOT NULL,
  `created_at` timestamp NOT NULL DEFAULT CURRENT_TIMESTAMP ON UPDATE CURRENT_TIMESTAMP,
  `updated_at` timestamp NOT NULL DEFAULT '0000-00-00 00:00:00'
) ENGINE=MyISAM DEFAULT CHARSET=utf8 COLLATE=utf8_unicode_ci;

--
-- Dumping data for table `tbl_lesslet`
--

INSERT INTO `tbl_lesslet` (`id`, `user_id`, `concept_id`, `definition`, `example`, `test`, `image_example`, `correct_answer`, `score`, `created_at`, `updated_at`) VALUES
(6, 1, 6, 'Agar biror masalani yechish uchun tuzilgan zarur bo‘lgan amallar ketma-ketligining ma’lum bir qismi biror parametrga bog‘liq ko‘p marta qayta bajarilsa, bunday algoritm takrorlanuvchi algoritm yoki siklik algoritmlar deyiladi.', 'Takrorlanuvchi algoritmlarga tipik misol sifatida odatda qatorlarning yig‘indisi yoki ko‘paytmasini hisoblash jarayonlarini qarash mumkin.\r\n<pre>\r\n<b>N – berilgan bo‘lsin:</b>\r\n1. i=0 berilsin				1 marta\r\n2. S=0 berilsin				1 marta\r\n3. i < N shart bajarilsa 4-qadamga, 	n+1 marta     \r\n aks holda 6-qadamga o’tilsin\r\n4. i=i+1 hisoblansin			n marta\r\n5. S=S+i hisoblansin			n marta     \r\n va 3-qadamga qaytilsin			\r\n6. S ning qiymati chop etilsin		1 marta\r\n</pre>', 'Agar N = 5 bo’lsa, S yig’indisini hisoblash uchun bizning algoritm nechta amal bajarishi zarur?', '', '1+1+(n+1)+n+n+1 = 4 + 3n = 19 ta amal', 2, '2019-09-28 11:14:54', '2019-09-28 11:14:54'),
(18, 111, 25, '<b>Tushunarlilik uchun </b>: Tuzilgan algoritm barcha uchun tushunarli bo\'lishidir.\r\n', 'Robotga 3-4 qoshiq quruq choy sol deyilsa tushunmaydi. Ammo grammigadovr aniq qilib u tushunadigan tilda aytilsa, robot tushunadi.', 'Robot ingliz tildagi buyruqlarni qabul qilishga moslashtirilgan, unga rus tilida buyruq berilsa tushunadimi?', '', 'Yo\'q tushunmaydi.', 0, '2019-10-02 10:21:57', '0000-00-00 00:00:00'),
(16, 105, 6, 'Agar biror masalani yechish uchun tuzish zarur bo\'lgan amallar ketma-ketligini ma\'lum qismi biror parametrar bog\'liq ko\'p marta qayta bajarilsa bunday algoritm takrorlanuvchi algoritm yoki siklik algoritm deyiladi', 'Takrorlanuvchi', 'Agar a = va b=5 bo\'lsa S ko\'paytmani bajarish uchun bizning algoritm necha amal bajarishi mumkin?', 'IMG_20191001_214519.jpg', '26 ta mala', 0, '2019-10-01 16:56:34', '0000-00-00 00:00:00'),
(19, 108, 2, '<b><I>Bo\'lish algoritmi</I></b><br>\r\nBiror sonni boshqa songa bo\'lish degani birinchi sonni ikkinchi songa ten bo\'lgan necata songa ajratish mumkinligini topish demakdir. Buni sharti nolga teng emas.', 'blok-sxema', 'Yuqoridagi blok-sxemaga qo\'ying va yurish yo\'llarini ko\'rsating.\r\na=9; b=3. ', 'IMG_20191002_154958.jpg', 'Blok sxemaning c:=a/b operatori bajariladi', 0, '2019-10-02 11:01:49', '0000-00-00 00:00:00'),
(8, 309, 27, 'Blok-sxema: biror-bir algoritmni jadval ko\'rinishidir. O\'zining (ya\'ni algoritmning) ketma-ketligi har xil figuralar orqali ketma -ket bajariladi. <br>\r\n<img src=\"/images/lesslet_images/boshlash_tugatish.svg\" width=\"25\"> - Boshlanish, tugash, <br>\r\n<img src=\"/images/lesslet_images/kiritish_chiqarish.svg\" width=\"25\"> - Ma\'lumotlarni kiritish, chiqarish, <br>\r\n<img src=\"/images/lesslet_images/Romb.svg\" width=\"25\"> - shart <br>\r\n', '<img src=\"/images/lesslet_images/IMG_20191001_104622.jpg\" width=\"25%\">', 'Blok-sxema nima?<br>\r\na) Algoritm ketma ketligi<br>\r\nb) Algoritm jadval ko\'rinishi <br>\r\nc) Algoritmni figuralar ko\'rinish orqali keltirish <br>\r\nd) Hamma javoblar to\'g\'ri', '', 'd) hamma javoblar to\'g\'ri', 0, '2019-10-01 08:55:51', '0000-00-00 00:00:00'),
(9, 112, 1, 'Agar biror masalani yechish uchun tuzish zarur bo\'lgan barcha ko\'rsatmalari ketma - ket joylashish tartibida bajarib boriladigan algoritmlar chiziqli algoritmlar deyiladi.', '<img width=\'40%\' src=\'/images/lesslet_images/IMG_20191001_160147.jpg\'>', 'Agar &pi;=3, R=3 bo\'lsa, S yuza topilsin?<br>\r\nA)20<br>\r\nB)21<br>\r\nC)27<br>\r\nD)9<br>\r\n', '', 'C) 27', 0, '2019-10-01 11:13:44', '0000-00-00 00:00:00'),
(14, 303, 2, '<img src=\"/images/lesslet_images/Romb.svg\" width=\"20\">Shart operatori. <br>\r\nBu yerda bu operatorga shart beriladi. Keyin ushbu shartning faqat bittasini bajarilishini ta\'minlaydi. Bu operator tarmoqlanuvchi operatorga misal bo\'ladi.', 'Tarmoqlanuvchiga misol:', 'Ushbu misolda, shart bajarilgandan keyin javob to\'g\'ri chiqadimi?', 'IMG_20191001_171031.jpeg', 'Ha to\'g\'r chiqadi', 0, '2019-10-05 12:25:15', '0000-00-00 00:00:00'),
(20, 107, 25, '<b><u>Jadvalli algoritm</u></b>\r\nAgar biror bir masalani yechish uchun tuzish zarur bo\'lgan amallar katma-ketligi jadval ko\'rinishida yozilsa yoki jadval tuzilsa bunday algoritm jadvalli algoritm deyiladi.', 'Jadval algoritm:', 'Sizda 5 litrli va 3 litrli suv idish bor, ulardan foydalanib 1 litr suv Olish uchun eng kamida nechta amal bajarish mumkin. ', 'IMG_20191002_160516.jpg', 'Eng kamida 5 ta amal bajarish mumkin.', 0, '2019-10-02 11:15:20', '0000-00-00 00:00:00'),
(21, 103, 25, 'Algoritm va biron bir isini malum bir qoida va ketma-ketlikda bajarilishiga aytiladi.', 'blok-sxema', '3 kbt necha Mgbt bo\'ladi? <br>\r\nA) 0.03 Mgbt, B) 0.003 Mgbt, C) 30 Mgbt, ', 'IMG_20191002_161801.jpg', 'B)', 0, '2019-10-02 11:29:40', '0000-00-00 00:00:00'),
(22, 119, 27, 'Blok stemma bu algoritmlarni sxemali ko\'rinishi. blok stemma orlai biz masala yechishga qulaylik yaratamiz. Rombga shartni tekshiramiz, paralelogramda ma\'lumotlarni kiritamiz, to\'rtburchakda qiymat beriladi. ', 'Blok-sxema', 'Blog sxemada romb operatorida qanday amal beajariladi?<br>\r\na) kiritish;  b) shart tekshirish;   c). chiqarish', 'IMG_20191002_161841.jpg', 'shart tekshirish', 0, '2019-10-02 11:45:07', '0000-00-00 00:00:00'),
(23, 114, 27, 'Blok-sxemali algoritmlarni ifodalashning qulay vositalaridan biri bo\'lib programma tuzishni osonlashtiradi. Programmalash qobiliyatini mustaxkamlaydi. Algoritmik tillarda blok-sxemaning asosiy strukturalariga operatorlar mos keladi.', 'Blok-sxemadagi yozuvlar odatdagi yozuvlardan farq qilmaydi. <br>\r\nax<sup>2</sup>+bx+c=0. kvadrat tenglama yechish algoritmning blok-sxemasini misol keltirish mumkin.', 'Diskriminantni 0 dan katta yoki teng, manfiy qiymatda bo\'lishini blok-sxema usulidagi grafik shakl nomlanishi', 'IMG_20191002_161849.jpg', 'Kiritish chiqarish', 0, '2019-10-02 12:00:12', '0000-00-00 00:00:00'),
(24, 116, 27, 'Algoritmni o\'rganishning qulay usullaridan biri blok sxema usulidir. Bunda algoritm blok sxemalardan tashkil topgan bo\'ladi. Turli geometrik shakllardan foydalaniladi. <br>\r\nMasalan: \r\n<img src=\"/images/lesslet_images/boshlash_tugatish.svg\" width=\"40\"> Algoritmni boshlanishi va tugashi. va x.k.', 'misol', 'S ni topish uchun algoritm ko\'pi bilan nechta amal bajarishi zarur', 'IMG_20191002_161901.jpg', '5 ta', 0, '2019-10-02 12:09:41', '0000-00-00 00:00:00'),
(27, 118, 27, 'Algaritm asoslarini organishning yana bir qulay grafik shakli bolk sxema usulidir. Blok sxemalar bir yoki bir nechta buyruq yoki korsatmalarni aks ettiruvchi maxsus geometrik shakllar bloklardan tashkil topadi. Bloklar yonalishi chiziqlar orqali tutashtiriladi', 'Kvadrat tenglamani yechish algaritimi', 'Blok sxemada shart amali qaysi geometreik shakl bilan ifodalanadi', '263909945_210483.jpg', 'A) tort burchak.  B) romb C) paralelogram D)y', 0, '2019-10-07 03:39:37', '0000-00-00 00:00:00'),
(35, 104, 2, 'Shartga muvofiq bajariladigan ko\'rsatmalar ishtirok etgan algoritmlar tarmoqlanuvchi algoritmlar deb ataladi. Algoritmlarning bu turi hayotimizda har kuni va har qadamda uchraydi. Eshikdan chiqishimiz eshik ochiq yoki yopiqligiga, ovqatlanishimiz qornimiz och yoki to\'qligiga yoki taomning turiga bog\'liqdir.', 'Berilgan ikkita A va B sonlardan kattasini topish algoritmini so\'zlar va blok-sxema yordamida tuzish.\r\n1.Boshlanish.\r\n2.A va B kiritilsin.\r\n3.Agar A>B bo\'lsa 4-bandga o\'tilsin aks holda 5-bandga o\'tilsin.\r\n4.Natija A deb olinsin va 6-bandga o\'tilsin.\r\n5.Natija B deb olinsin.\r\n6.Tugallansin.', 'Agar A>B shart bajarilsa qaysi band bajariladi?\r\nA)3\r\nB) 4\r\nC) 5\r\nD) 6', 'IMG_20191015_065529_713.jpg', '5-band bajariladi.', 0, '2019-10-15 02:13:12', '0000-00-00 00:00:00'),
(36, 104, 2, 'Shartga muvofiq bajariladigan ko\'rsatmalar ishtirok etgan algoritmlar tarmoqlanuvchi algoritmlar deb ataladi. Algoritmlarning bu turi hayotimizda har kuni va har qadamda uchraydi. Eshikdan chiqishimiz eshik ochiq yoki yopiqligiga, ovqatlanishimiz qornimiz och yoki to\'qligiga yoki taomning turiga bog\'liqdir.', 'Berilgan ikkita A va B sonlardan kattasini topish algoritmini so\'zlar va blok-sxema yordamida tuzish.\r\n1.Boshlanish.\r\n2.A va B kiritilsin.\r\n3.Agar A>B bo\'lsa 4-bandga o\'tilsin aks holda 5-bandga o\'tilsin.\r\n4.Natija A deb olinsin va 6-bandga o\'tilsin.\r\n5.Natija B deb olinsin.\r\n6.Tugallansin.', 'Agar A>B shart bajarilsa qaysi band bajariladi?\r\nA)3\r\nB) 4\r\nC) 5\r\nD) 6', 'IMG_20191015_065529_713.jpg', '5-band bajariladi.', 0, '2019-10-15 02:15:21', '0000-00-00 00:00:00'),
(37, 2, 9, 'Toplamning eng katta hadini topish. ', '<b>Yechish:</b>Musbat sonlar toplami berilgan, eng katta sonli hadini topilsin.\r\nInput: musbat solarga ega L toplam berilgan. To’plam bo’sh bo’lmasligi va kamida bitta musbat songa ega hadli bo’lishi shart. (bo’sh to’plamning katta hadini izlash ma’noga ega emas.)<br>\r\n<b>Output:</b> Natija sigatida eng katta son n o’zgaruvchisiga o’lashtirilsin\r\n<b>Algoritm</b><br>\r\n<ol>\r\n<li><i>max</i> ni 0 ga tengla</li>\r\n<li>L to’plamning har bir x sonini max ga solishtir. Agar x hadi max dan katta bo’lsa, </li>\r\n<li>max ga x ni o’zlashtir.</li>\r\n<li>max o’zgaruvchisi berilgan to’plamning eng katta hadi qiymatiga ega</li>\r\n</ol>', '	Yozilgan algoritm aniqlik hossasiga javob beradimi?', '', 'Ha, algoritmning har bir qadami sodda va aniq', 0, '2019-11-20 12:05:04', '2019-11-20 12:05:04'),
(43, 1108, 6, 'Takrorlanuvchi Algaritm.', 'Takrorlanuvchi algaritm', 'Takrorlanuvchi arganizm A[i] massivi berilgan [i] =1n gacha berilgan. Massiv elementlari orasidagi 0ga teng bo\'lgan elementlarni toping.', '1576588524136..jpg', 'a1=0', 0, '2019-12-17 13:30:18', '2019-12-17 13:30:18');

-- --------------------------------------------------------

--
-- Table structure for table `tbl_log`
--

CREATE TABLE `tbl_log` (
  `id` int(11) NOT NULL,
  `user_id` int(11) NOT NULL,
  `loginTime` timestamp NOT NULL DEFAULT CURRENT_TIMESTAMP
) ENGINE=InnoDB DEFAULT CHARSET=utf8;

--
-- Dumping data for table `tbl_log`
--

INSERT INTO `tbl_log` (`id`, `user_id`, `loginTime`) VALUES
(1, 4, '2019-10-19 08:48:22'),
(2, 4, '2019-10-19 08:48:49'),
(3, 1, '2019-10-19 08:48:58'),
(4, -1, '2019-10-20 07:04:46'),
(5, 3, '2019-10-23 10:01:28'),
(6, 1, '2019-10-23 10:03:58'),
(7, 1, '2019-10-26 16:27:08'),
(8, 1, '2019-10-29 06:47:19'),
(9, 1, '2019-11-20 09:32:00'),
(10, 1, '2019-11-20 10:33:47'),
(11, 1, '2019-11-20 10:49:08'),
(12, -1, '2019-11-20 11:08:32'),
(13, -1, '2019-11-20 11:08:43'),
(14, 2, '2019-11-20 11:09:52'),
(15, -1, '2019-11-20 11:20:37'),
(16, 2, '2019-11-20 11:20:45'),
(17, 1, '2019-11-20 12:07:31'),
(18, -1, '2019-11-20 12:10:34'),
(19, 2, '2019-11-20 12:10:36'),
(20, 2, '2019-11-20 18:38:58'),
(21, 1, '2019-11-20 19:00:46'),
(22, 1, '2019-11-20 19:00:58'),
(23, -1, '2019-11-20 19:55:06'),
(24, 2, '2019-11-20 19:55:17'),
(25, 1, '2019-11-23 07:34:59'),
(26, -1, '2019-12-03 09:06:10'),
(27, 1, '2019-12-03 09:06:18'),
(28, -1, '2019-12-03 09:50:19'),
(29, 1, '2019-12-03 09:50:23'),
(30, 1, '2019-12-03 10:39:47'),
(31, -1, '2019-12-03 10:40:21'),
(32, -1, '2019-12-03 10:40:28'),
(33, 2, '2019-12-03 10:40:35'),
(34, -1, '2019-12-07 12:44:22'),
(35, -1, '2019-12-07 12:44:27'),
(36, -1, '2019-12-07 12:45:22'),
(37, -1, '2019-12-07 12:45:36'),
(38, 2, '2019-12-07 12:45:43'),
(39, 2, '2019-12-08 17:58:48'),
(40, 2, '2019-12-12 12:01:11'),
(41, -1, '2019-12-12 15:41:50'),
(42, 2, '2019-12-12 15:42:03'),
(43, -1, '2019-12-13 09:54:36'),
(44, 2, '2019-12-13 09:54:48'),
(45, 1102, '2019-12-13 11:06:02'),
(46, 1102, '2019-12-13 11:06:03'),
(47, 1, '2019-12-13 11:28:01'),
(48, 312, '2019-12-13 11:32:44'),
(49, -1, '2019-12-13 11:35:49'),
(50, 1, '2019-12-13 11:35:53'),
(51, 118, '2019-12-13 13:27:42'),
(52, 1, '2019-12-15 05:05:42'),
(53, 1, '2019-12-17 07:33:55'),
(54, -1, '2019-12-17 11:50:47'),
(55, -1, '2019-12-17 11:50:50'),
(56, -1, '2019-12-17 11:50:55'),
(57, -1, '2019-12-17 12:47:46'),
(58, -1, '2019-12-17 12:47:55'),
(59, -1, '2019-12-17 12:47:58'),
(60, -1, '2019-12-17 12:48:05'),
(61, -1, '2019-12-17 12:48:06'),
(62, -1, '2019-12-17 12:48:06'),
(63, -1, '2019-12-17 12:48:07'),
(64, -1, '2019-12-17 12:48:07'),
(65, -1, '2019-12-17 12:48:10'),
(66, -1, '2019-12-17 12:48:12'),
(67, -1, '2019-12-17 12:48:14'),
(68, -1, '2019-12-17 12:48:16'),
(69, -1, '2019-12-17 12:48:18'),
(70, -1, '2019-12-17 12:48:39'),
(71, -1, '2019-12-17 12:48:43'),
(72, -1, '2019-12-17 12:48:43'),
(73, -1, '2019-12-17 12:48:43'),
(74, -1, '2019-12-17 12:48:46'),
(75, 1108, '2019-12-17 13:12:31'),
(76, -1, '2019-12-17 13:17:26'),
(77, -1, '2019-12-17 13:17:32'),
(78, -1, '2019-12-17 13:18:00'),
(79, -1, '2019-12-17 13:18:16'),
(80, -1, '2019-12-17 13:19:52'),
(81, -1, '2019-12-17 13:20:09'),
(82, -1, '2019-12-17 13:20:26'),
(83, -1, '2019-12-17 13:22:53'),
(84, -1, '2019-12-17 13:23:23'),
(85, -1, '2019-12-17 13:23:27'),
(86, -1, '2019-12-17 13:23:38'),
(87, -1, '2019-12-17 13:24:22'),
(88, -1, '2019-12-17 13:25:39'),
(89, -1, '2019-12-17 13:26:38'),
(90, -1, '2019-12-17 13:26:58'),
(91, 1, '2019-12-17 15:16:28'),
(92, 1108, '2019-12-17 16:38:00'),
(93, 1, '2019-12-23 09:08:26'),
(94, 2, '2019-12-26 20:10:48'),
(95, 1, '2019-12-26 20:15:30'),
(96, 1, '2020-01-01 04:00:12'),
(97, 1, '2020-01-02 17:07:50'),
(98, 1, '2020-01-06 02:33:52'),
(99, 1, '2020-01-08 08:18:36');

-- --------------------------------------------------------

--
-- Table structure for table `tbl_logalg`
--

CREATE TABLE `tbl_logalg` (
  `id` int(11) NOT NULL,
  `user` int(11) NOT NULL,
  `logTime` timestamp NOT NULL DEFAULT CURRENT_TIMESTAMP ON UPDATE CURRENT_TIMESTAMP
) ENGINE=MyISAM DEFAULT CHARSET=utf8 COLLATE=utf8_unicode_ci;

--
-- Dumping data for table `tbl_logalg`
--

INSERT INTO `tbl_logalg` (`id`, `user`, `logTime`) VALUES
(1, 1, '2019-10-19 09:40:03'),
(2, 0, '2019-10-19 09:40:31'),
(3, 0, '2019-10-19 10:04:12'),
(4, 0, '2019-10-19 10:04:14'),
(5, 0, '2019-10-19 11:20:37'),
(6, 0, '2019-10-19 18:37:26'),
(7, 0, '2019-10-19 19:53:51'),
(8, 0, '2019-10-19 23:08:18'),
(9, 0, '2019-10-19 23:47:50'),
(10, 0, '2019-10-20 00:01:50'),
(11, 0, '2019-10-20 00:29:32'),
(12, 0, '2019-10-20 04:10:39'),
(13, 0, '2019-10-20 05:16:53'),
(14, 0, '2019-10-20 06:22:04'),
(15, 0, '2019-10-20 06:22:41'),
(16, 0, '2019-10-20 07:03:18'),
(17, 0, '2019-10-20 07:27:41'),
(18, 0, '2019-10-20 08:59:01'),
(19, 0, '2019-10-20 09:44:18'),
(20, 0, '2019-10-20 14:44:18'),
(21, 0, '2019-10-20 14:47:50'),
(22, 0, '2019-10-20 15:04:42'),
(23, 0, '2019-10-20 15:36:52'),
(24, 0, '2019-10-20 17:50:31'),
(25, 0, '2019-10-20 18:09:14'),
(26, 0, '2019-10-20 19:15:28'),
(27, 0, '2019-10-20 20:44:11'),
(28, 0, '2019-10-20 21:10:03'),
(29, 0, '2019-10-20 21:38:12'),
(30, 0, '2019-10-20 22:18:04'),
(31, 0, '2019-10-20 22:19:04'),
(32, 0, '2019-10-20 22:28:22'),
(33, 0, '2019-10-20 23:30:54'),
(34, 0, '2019-10-20 23:59:31'),
(35, 0, '2019-10-21 05:58:04'),
(36, 0, '2019-10-21 13:00:54'),
(37, 0, '2019-10-21 13:00:57'),
(38, 0, '2019-10-21 18:25:26'),
(39, 0, '2019-10-21 23:17:19'),
(40, 0, '2019-10-22 04:16:32'),
(41, 0, '2019-10-22 07:35:28'),
(42, 0, '2019-10-22 07:57:53'),
(43, 0, '2019-10-22 21:14:26'),
(44, 0, '2019-10-22 21:56:33'),
(45, 0, '2019-10-23 01:16:09'),
(46, 0, '2019-10-23 01:36:52'),
(47, 0, '2019-10-23 03:05:40'),
(48, 0, '2019-10-23 04:25:47'),
(49, 0, '2019-10-23 04:40:15'),
(50, 0, '2019-10-23 04:42:00'),
(51, 0, '2019-10-23 04:57:12'),
(52, 0, '2019-10-23 05:41:56'),
(53, 0, '2019-10-23 05:45:55'),
(54, 0, '2019-10-23 06:25:41'),
(55, 0, '2019-10-23 09:08:11'),
(56, 0, '2019-10-23 09:46:13'),
(57, 0, '2019-10-23 09:59:08'),
(58, 0, '2019-10-23 09:59:17'),
(59, 0, '2019-10-23 09:59:54'),
(60, 0, '2019-10-23 10:00:05'),
(61, 0, '2019-10-23 10:00:19'),
(62, 3, '2019-10-23 10:01:29'),
(63, 3, '2019-10-23 10:01:31'),
(64, 0, '2019-10-23 10:02:11'),
(65, 0, '2019-10-23 10:02:55'),
(66, 0, '2019-10-23 10:03:21'),
(67, 0, '2019-10-23 10:03:25'),
(68, 1, '2019-10-23 10:03:59'),
(69, 1, '2019-10-23 10:04:46'),
(70, 1, '2019-10-23 10:05:08'),
(71, 0, '2019-10-23 10:05:16'),
(72, 1, '2019-10-23 10:09:42'),
(73, 1, '2019-10-23 10:09:48'),
(74, 1, '2019-10-23 10:09:49'),
(75, 1, '2019-10-23 10:12:14'),
(76, 1, '2019-10-23 10:12:28'),
(77, 1, '2019-10-23 10:12:36'),
(78, 1, '2019-10-23 10:16:02'),
(79, 0, '2019-10-23 10:23:11'),
(80, 0, '2019-10-23 10:23:46'),
(81, 0, '2019-10-23 10:36:01'),
(82, 0, '2019-10-23 11:00:55'),
(83, 0, '2019-10-23 11:01:08'),
(84, 0, '2019-10-23 12:05:20'),
(85, 0, '2019-10-23 12:43:04'),
(86, 0, '2019-10-23 14:32:31'),
(87, 0, '2019-10-23 15:48:41'),
(88, 0, '2019-10-23 16:20:20'),
(89, 0, '2019-10-23 16:48:57'),
(90, 0, '2019-10-23 17:51:00'),
(91, 0, '2019-10-23 18:00:11'),
(92, 0, '2019-10-23 18:23:03'),
(93, 0, '2019-10-23 18:26:07'),
(94, 0, '2019-10-23 18:37:32'),
(95, 0, '2019-10-23 19:29:34'),
(96, 0, '2019-10-23 20:15:03'),
(97, 0, '2019-10-23 20:20:47'),
(98, 0, '2019-10-23 22:41:55'),
(99, 0, '2019-10-23 23:14:06'),
(100, 0, '2019-10-24 08:54:22'),
(101, 0, '2019-10-24 08:54:25'),
(102, 0, '2019-10-24 09:02:37'),
(103, 0, '2019-10-24 10:29:45'),
(104, 0, '2019-10-24 17:34:35'),
(105, 0, '2019-10-24 18:32:13'),
(106, 0, '2019-10-24 21:04:02'),
(107, 0, '2019-10-25 03:34:55'),
(108, 0, '2019-10-25 07:01:40'),
(109, 0, '2019-10-25 07:27:27'),
(110, 0, '2019-10-25 08:33:39'),
(111, 0, '2019-10-25 08:33:44'),
(112, 0, '2019-10-25 10:17:28'),
(113, 0, '2019-10-25 10:17:30'),
(114, 0, '2019-10-25 10:19:08'),
(115, 0, '2019-10-25 11:39:19'),
(116, 0, '2019-10-25 11:39:29'),
(117, 0, '2019-10-25 13:15:17'),
(118, 0, '2019-10-25 13:49:52'),
(119, 0, '2019-10-25 13:52:29'),
(120, 0, '2019-10-25 13:52:30'),
(121, 0, '2019-10-25 14:06:14'),
(122, 0, '2019-10-25 14:13:50'),
(123, 0, '2019-10-25 14:13:54'),
(124, 0, '2019-10-25 14:18:25'),
(125, 0, '2019-10-25 14:18:35'),
(126, 0, '2019-10-25 14:27:38'),
(127, 0, '2019-10-25 14:28:48'),
(128, 0, '2019-10-25 14:28:50'),
(129, 0, '2019-10-25 14:29:45'),
(130, 0, '2019-10-25 14:32:10'),
(131, 0, '2019-10-25 14:32:26'),
(132, 0, '2019-10-25 14:43:44'),
(133, 0, '2019-10-25 19:20:48'),
(134, 0, '2019-10-25 19:58:21'),
(135, 0, '2019-10-25 22:41:45'),
(136, 0, '2019-10-25 23:39:19'),
(137, 0, '2019-10-26 01:42:55'),
(138, 0, '2019-10-26 02:49:10'),
(139, 0, '2019-10-26 02:57:43'),
(140, 0, '2019-10-26 02:57:48'),
(141, 0, '2019-10-26 03:51:52'),
(142, 0, '2019-10-26 04:42:01'),
(143, 0, '2019-10-26 10:00:32'),
(144, 0, '2019-10-26 10:20:21'),
(145, 0, '2019-10-26 14:46:48'),
(146, 0, '2019-10-26 14:56:16'),
(147, 0, '2019-10-26 14:56:16'),
(148, 0, '2019-10-26 14:56:46'),
(149, 0, '2019-10-26 14:56:47'),
(150, 0, '2019-10-26 16:26:45'),
(151, 1, '2019-10-26 16:27:09'),
(152, 1, '2019-10-26 16:34:47'),
(153, 1, '2019-10-26 16:35:49'),
(154, 1, '2019-10-26 16:35:53'),
(155, 1, '2019-10-26 16:36:02'),
(156, 1, '2019-10-26 16:36:09'),
(157, 1, '2019-10-26 16:36:15'),
(158, 1, '2019-10-26 16:36:21'),
(159, 1, '2019-10-26 16:36:35'),
(160, 1, '2019-10-26 16:36:51'),
(161, 1, '2019-10-26 16:37:04'),
(162, 0, '2019-10-26 20:47:25'),
(163, 0, '2019-10-26 22:21:30'),
(164, 0, '2019-10-27 01:38:18'),
(165, 0, '2019-10-27 03:05:32'),
(166, 0, '2019-10-27 08:42:01'),
(167, 0, '2019-10-27 10:17:48'),
(168, 0, '2019-10-27 11:16:24'),
(169, 0, '2019-10-27 13:24:51'),
(170, 0, '2019-10-27 16:23:21'),
(171, 0, '2019-10-27 19:34:35'),
(172, 0, '2019-10-27 20:22:40'),
(173, 0, '2019-10-28 04:18:18'),
(174, 0, '2019-10-28 05:03:50'),
(175, 0, '2019-10-28 07:20:14'),
(176, 0, '2019-10-28 07:20:26'),
(177, 0, '2019-10-28 07:20:30'),
(178, 0, '2019-10-28 12:08:25'),
(179, 0, '2019-10-28 12:08:25'),
(180, 0, '2019-10-28 18:10:39'),
(181, 0, '2019-10-28 18:10:45'),
(182, 0, '2019-10-28 18:10:51'),
(183, 0, '2019-10-28 18:10:59'),
(184, 0, '2019-10-28 18:11:03'),
(185, 0, '2019-10-28 18:11:06'),
(186, 0, '2019-10-28 18:11:09'),
(187, 0, '2019-10-28 18:11:12'),
(188, 0, '2019-10-28 18:11:15'),
(189, 0, '2019-10-28 18:11:18'),
(190, 0, '2019-10-29 06:46:54'),
(191, 1, '2019-10-29 06:47:19'),
(192, 1, '2019-10-29 06:48:58'),
(193, 1, '2019-10-29 06:51:54'),
(194, 0, '2019-10-29 07:11:31'),
(195, 0, '2019-10-29 11:54:58'),
(196, 0, '2019-10-29 13:42:51'),
(197, 0, '2019-10-29 14:25:58'),
(198, 0, '2019-10-29 17:24:30'),
(199, 0, '2019-10-29 20:58:44'),
(200, 0, '2019-10-29 23:35:33'),
(201, 0, '2019-10-30 06:05:53'),
(202, 0, '2019-10-30 06:06:00'),
(203, 0, '2019-10-30 06:59:53'),
(204, 0, '2019-10-30 07:36:57'),
(205, 0, '2019-10-30 07:38:07'),
(206, 0, '2019-10-30 07:38:15'),
(207, 0, '2019-10-30 14:00:01'),
(208, 0, '2019-10-30 14:48:25'),
(209, 0, '2019-10-30 14:48:31'),
(210, 0, '2019-10-30 14:48:37'),
(211, 0, '2019-10-30 14:48:45'),
(212, 0, '2019-10-30 14:48:48'),
(213, 0, '2019-10-30 14:48:51'),
(214, 0, '2019-10-30 14:48:54'),
(215, 0, '2019-10-30 14:48:56'),
(216, 0, '2019-10-30 14:48:59'),
(217, 0, '2019-10-30 16:55:06'),
(218, 0, '2019-10-30 19:01:55'),
(219, 0, '2019-10-30 19:23:25'),
(220, 0, '2019-10-30 23:03:33'),
(221, 0, '2019-10-31 03:42:28'),
(222, 0, '2019-10-31 03:42:33'),
(223, 0, '2019-10-31 03:46:54'),
(224, 0, '2019-10-31 03:53:18'),
(225, 0, '2019-10-31 03:53:52'),
(226, 0, '2019-10-31 03:58:09'),
(227, 0, '2019-10-31 05:49:14'),
(228, 0, '2019-10-31 06:22:40'),
(229, 0, '2019-10-31 08:42:47'),
(230, 0, '2019-10-31 17:27:30'),
(231, 0, '2019-11-01 00:28:02'),
(232, 0, '2019-11-01 04:18:54'),
(233, 0, '2019-11-01 09:52:34'),
(234, 0, '2019-11-01 11:28:55'),
(235, 0, '2019-11-01 11:28:55'),
(236, 0, '2019-11-01 11:29:11'),
(237, 0, '2019-11-01 11:29:13'),
(238, 0, '2019-11-01 11:29:16'),
(239, 0, '2019-11-01 11:29:32'),
(240, 0, '2019-11-01 11:46:24'),
(241, 0, '2019-11-01 11:47:17'),
(242, 0, '2019-11-01 11:47:35'),
(243, 0, '2019-11-01 22:06:06'),
(244, 0, '2019-11-02 01:28:20'),
(245, 0, '2019-11-02 03:35:11'),
(246, 0, '2019-11-02 04:04:09'),
(247, 0, '2019-11-02 04:30:53'),
(248, 0, '2019-11-02 09:14:32'),
(249, 0, '2019-11-02 11:44:33'),
(250, 0, '2019-11-02 15:49:16'),
(251, 0, '2019-11-02 20:37:27'),
(252, 0, '2019-11-02 23:04:21'),
(253, 0, '2019-11-03 02:28:07'),
(254, 0, '2019-11-03 03:54:02'),
(255, 0, '2019-11-03 06:31:35'),
(256, 0, '2019-11-03 15:11:30'),
(257, 0, '2019-11-03 15:11:45'),
(258, 0, '2019-11-03 18:25:00'),
(259, 0, '2019-11-03 19:21:54'),
(260, 0, '2019-11-03 21:04:59'),
(261, 0, '2019-11-03 23:20:40'),
(262, 0, '2019-11-04 02:16:34'),
(263, 0, '2019-11-04 02:17:18'),
(264, 0, '2019-11-04 02:17:22'),
(265, 0, '2019-11-04 02:17:28'),
(266, 0, '2019-11-04 02:17:32'),
(267, 0, '2019-11-04 02:18:08'),
(268, 0, '2019-11-04 02:52:05'),
(269, 0, '2019-11-04 05:31:11'),
(270, 0, '2019-11-04 09:36:48'),
(271, 0, '2019-11-04 12:16:47'),
(272, 0, '2019-11-04 15:48:17'),
(273, 0, '2019-11-04 15:48:30'),
(274, 0, '2019-11-04 15:48:38'),
(275, 0, '2019-11-04 15:48:46'),
(276, 0, '2019-11-04 15:48:57'),
(277, 0, '2019-11-04 15:49:09'),
(278, 0, '2019-11-04 15:49:33'),
(279, 0, '2019-11-04 15:49:56'),
(280, 0, '2019-11-04 15:51:20'),
(281, 0, '2019-11-04 17:48:07'),
(282, 0, '2019-11-05 00:32:13'),
(283, 0, '2019-11-05 02:57:32'),
(284, 0, '2019-11-05 07:02:14'),
(285, 0, '2019-11-05 08:26:02'),
(286, 0, '2019-11-05 08:26:06'),
(287, 0, '2019-11-05 09:04:36'),
(288, 0, '2019-11-05 10:48:57'),
(289, 0, '2019-11-05 10:48:58'),
(290, 0, '2019-11-05 10:48:59'),
(291, 0, '2019-11-05 10:48:59'),
(292, 0, '2019-11-05 10:49:00'),
(293, 0, '2019-11-05 10:49:02'),
(294, 0, '2019-11-05 10:49:03'),
(295, 0, '2019-11-05 10:49:04'),
(296, 0, '2019-11-05 10:49:05'),
(297, 0, '2019-11-05 10:49:06'),
(298, 0, '2019-11-05 10:49:08'),
(299, 0, '2019-11-05 10:49:08'),
(300, 0, '2019-11-05 10:49:16'),
(301, 0, '2019-11-05 10:49:16'),
(302, 0, '2019-11-05 10:49:17'),
(303, 0, '2019-11-05 10:49:19'),
(304, 0, '2019-11-05 10:49:20'),
(305, 0, '2019-11-05 10:49:20'),
(306, 0, '2019-11-05 10:49:23'),
(307, 0, '2019-11-05 10:49:26'),
(308, 0, '2019-11-05 10:49:28'),
(309, 0, '2019-11-05 10:49:28'),
(310, 0, '2019-11-05 10:49:29'),
(311, 0, '2019-11-05 11:06:15'),
(312, 0, '2019-11-05 17:16:47'),
(313, 0, '2019-11-06 01:29:29'),
(314, 0, '2019-11-06 02:05:36'),
(315, 0, '2019-11-06 02:13:53'),
(316, 0, '2019-11-06 08:31:59'),
(317, 0, '2019-11-06 15:47:09'),
(318, 0, '2019-11-06 19:44:03'),
(319, 0, '2019-11-07 01:02:36'),
(320, 0, '2019-11-07 23:32:57'),
(321, 0, '2019-11-08 10:38:59'),
(322, 0, '2019-11-08 13:30:34'),
(323, 0, '2019-11-08 19:43:04'),
(324, 0, '2019-11-08 19:43:07'),
(325, 0, '2019-11-08 19:43:11'),
(326, 0, '2019-11-08 19:43:13'),
(327, 0, '2019-11-08 19:43:15'),
(328, 0, '2019-11-08 19:43:23'),
(329, 0, '2019-11-08 19:43:25'),
(330, 0, '2019-11-08 19:43:26'),
(331, 0, '2019-11-08 19:43:28'),
(332, 0, '2019-11-08 19:43:30'),
(333, 0, '2019-11-08 19:43:31'),
(334, 0, '2019-11-08 19:43:33'),
(335, 0, '2019-11-08 19:43:56'),
(336, 0, '2019-11-08 19:43:58'),
(337, 0, '2019-11-08 19:44:00'),
(338, 0, '2019-11-08 19:44:07'),
(339, 0, '2019-11-08 19:44:09'),
(340, 0, '2019-11-08 19:44:12'),
(341, 0, '2019-11-08 19:44:17'),
(342, 0, '2019-11-08 19:44:23'),
(343, 0, '2019-11-08 19:44:30'),
(344, 0, '2019-11-08 19:44:32'),
(345, 0, '2019-11-08 19:44:34'),
(346, 0, '2019-11-09 06:15:10'),
(347, 0, '2019-11-09 09:16:12'),
(348, 0, '2019-11-09 09:16:15'),
(349, 0, '2019-11-09 09:16:16'),
(350, 0, '2019-11-09 09:16:17'),
(351, 0, '2019-11-09 09:16:18'),
(352, 0, '2019-11-09 09:16:19'),
(353, 0, '2019-11-09 09:16:20'),
(354, 0, '2019-11-09 10:06:31'),
(355, 0, '2019-11-09 10:53:38'),
(356, 0, '2019-11-09 18:08:18'),
(357, 0, '2019-11-09 18:08:20'),
(358, 0, '2019-11-09 18:08:22'),
(359, 0, '2019-11-09 18:08:23'),
(360, 0, '2019-11-09 18:08:24'),
(361, 0, '2019-11-09 18:08:27'),
(362, 0, '2019-11-09 18:08:28'),
(363, 0, '2019-11-09 18:08:29'),
(364, 0, '2019-11-09 18:08:29'),
(365, 0, '2019-11-09 18:08:30'),
(366, 0, '2019-11-09 18:08:31'),
(367, 0, '2019-11-09 18:08:32'),
(368, 0, '2019-11-09 18:08:42'),
(369, 0, '2019-11-09 18:08:43'),
(370, 0, '2019-11-09 18:08:44'),
(371, 0, '2019-11-09 18:08:46'),
(372, 0, '2019-11-09 18:08:47'),
(373, 0, '2019-11-09 18:08:48'),
(374, 0, '2019-11-09 18:08:51'),
(375, 0, '2019-11-09 18:08:54'),
(376, 0, '2019-11-09 18:08:57'),
(377, 0, '2019-11-09 18:08:58'),
(378, 0, '2019-11-09 18:08:59'),
(379, 0, '2019-11-09 19:35:35'),
(380, 0, '2019-11-09 19:53:13'),
(381, 0, '2019-11-10 07:49:52'),
(382, 0, '2019-11-11 05:24:42'),
(383, 0, '2019-11-11 20:02:13'),
(384, 0, '2019-11-11 20:02:16'),
(385, 0, '2019-11-11 20:02:19'),
(386, 0, '2019-11-11 20:02:21'),
(387, 0, '2019-11-11 20:02:22'),
(388, 0, '2019-11-11 20:02:29'),
(389, 0, '2019-11-11 20:02:31'),
(390, 0, '2019-11-11 20:02:33'),
(391, 0, '2019-11-11 20:02:35'),
(392, 0, '2019-11-11 20:02:36'),
(393, 0, '2019-11-11 20:02:38'),
(394, 0, '2019-11-11 20:02:39'),
(395, 0, '2019-11-11 20:03:02'),
(396, 0, '2019-11-11 20:03:04'),
(397, 0, '2019-11-11 20:03:05'),
(398, 0, '2019-11-11 20:03:12'),
(399, 0, '2019-11-11 20:03:13'),
(400, 0, '2019-11-11 20:03:14'),
(401, 0, '2019-11-11 20:03:20'),
(402, 0, '2019-11-11 20:03:26'),
(403, 0, '2019-11-11 20:03:33'),
(404, 0, '2019-11-11 20:03:35'),
(405, 0, '2019-11-11 20:03:37'),
(406, 0, '2019-11-12 02:03:01'),
(407, 0, '2019-11-12 10:11:25'),
(408, 0, '2019-11-12 22:34:25'),
(409, 0, '2019-11-13 03:23:56'),
(410, 0, '2019-11-13 12:17:02'),
(411, 0, '2019-11-13 16:40:10'),
(412, 0, '2019-11-13 17:11:12'),
(413, 0, '2019-11-13 20:13:00'),
(414, 0, '2019-11-14 00:13:46'),
(415, 0, '2019-11-14 03:49:03'),
(416, 0, '2019-11-14 07:25:20'),
(417, 0, '2019-11-14 12:19:47'),
(418, 0, '2019-11-14 16:09:24'),
(419, 0, '2019-11-14 17:16:54'),
(420, 0, '2019-11-14 17:19:28'),
(421, 0, '2019-11-14 22:35:30'),
(422, 0, '2019-11-14 22:58:07'),
(423, 0, '2019-11-15 09:16:33'),
(424, 0, '2019-11-15 15:09:33'),
(425, 0, '2019-11-15 16:53:48'),
(426, 0, '2019-11-15 16:53:49'),
(427, 0, '2019-11-15 16:53:50'),
(428, 0, '2019-11-15 16:53:50'),
(429, 0, '2019-11-15 16:53:52'),
(430, 0, '2019-11-15 16:53:53'),
(431, 0, '2019-11-15 16:58:10'),
(432, 0, '2019-11-15 19:18:36'),
(433, 0, '2019-11-15 19:19:23'),
(434, 0, '2019-11-15 19:19:26'),
(435, 0, '2019-11-15 19:19:31'),
(436, 0, '2019-11-15 19:19:35'),
(437, 0, '2019-11-15 19:19:41'),
(438, 0, '2019-11-15 19:19:45'),
(439, 0, '2019-11-15 19:19:48'),
(440, 0, '2019-11-15 19:19:52'),
(441, 0, '2019-11-15 19:19:52'),
(442, 0, '2019-11-15 19:19:55'),
(443, 0, '2019-11-15 19:20:08'),
(444, 0, '2019-11-15 19:20:13'),
(445, 0, '2019-11-15 19:20:17'),
(446, 0, '2019-11-15 19:20:25'),
(447, 0, '2019-11-15 19:20:36'),
(448, 0, '2019-11-16 12:56:25'),
(449, 0, '2019-11-16 15:05:14'),
(450, 0, '2019-11-16 15:28:04'),
(451, 0, '2019-11-16 20:22:52'),
(452, 0, '2019-11-16 20:22:55'),
(453, 0, '2019-11-16 20:22:59'),
(454, 0, '2019-11-16 20:23:00'),
(455, 0, '2019-11-16 20:23:02'),
(456, 0, '2019-11-16 20:23:08'),
(457, 0, '2019-11-16 20:23:10'),
(458, 0, '2019-11-16 20:23:12'),
(459, 0, '2019-11-16 20:23:13'),
(460, 0, '2019-11-16 20:23:15'),
(461, 0, '2019-11-16 20:23:17'),
(462, 0, '2019-11-16 20:23:19'),
(463, 0, '2019-11-16 20:23:44'),
(464, 0, '2019-11-16 20:23:46'),
(465, 0, '2019-11-16 20:23:48'),
(466, 0, '2019-11-16 20:23:56'),
(467, 0, '2019-11-16 20:23:57'),
(468, 0, '2019-11-16 20:23:59'),
(469, 0, '2019-11-16 20:24:07'),
(470, 0, '2019-11-16 20:24:15'),
(471, 0, '2019-11-16 20:24:22'),
(472, 0, '2019-11-16 20:24:24'),
(473, 0, '2019-11-16 20:24:26'),
(474, 0, '2019-11-16 22:13:38'),
(475, 0, '2019-11-17 03:05:28'),
(476, 0, '2019-11-17 04:27:53'),
(477, 0, '2019-11-17 15:44:35'),
(478, 0, '2019-11-17 16:28:36'),
(479, 0, '2019-11-17 18:09:02'),
(480, 0, '2019-11-17 19:37:41'),
(481, 0, '2019-11-17 22:49:11'),
(482, 0, '2019-11-18 01:03:45'),
(483, 0, '2019-11-18 02:26:42'),
(484, 0, '2019-11-18 02:50:31'),
(485, 0, '2019-11-18 04:53:57'),
(486, 0, '2019-11-18 06:56:07'),
(487, 0, '2019-11-18 06:56:10'),
(488, 0, '2019-11-18 06:56:13'),
(489, 0, '2019-11-18 06:56:14'),
(490, 0, '2019-11-18 06:56:15'),
(491, 0, '2019-11-18 06:56:22'),
(492, 0, '2019-11-18 06:56:24'),
(493, 0, '2019-11-18 06:56:25'),
(494, 0, '2019-11-18 06:56:27'),
(495, 0, '2019-11-18 06:56:29'),
(496, 0, '2019-11-18 06:56:30'),
(497, 0, '2019-11-18 06:56:32'),
(498, 0, '2019-11-18 06:56:55'),
(499, 0, '2019-11-18 06:56:56'),
(500, 0, '2019-11-18 06:56:58'),
(501, 0, '2019-11-18 06:57:04'),
(502, 0, '2019-11-18 06:57:05'),
(503, 0, '2019-11-18 06:57:07'),
(504, 0, '2019-11-18 06:57:12'),
(505, 0, '2019-11-18 06:57:17'),
(506, 0, '2019-11-18 06:57:22'),
(507, 0, '2019-11-18 06:57:24'),
(508, 0, '2019-11-18 06:57:26'),
(509, 0, '2019-11-18 09:52:58'),
(510, 0, '2019-11-18 09:53:30'),
(511, 0, '2019-11-18 10:18:33'),
(512, 0, '2019-11-18 11:40:19'),
(513, 0, '2019-11-18 12:58:57'),
(514, 0, '2019-11-18 22:52:09'),
(515, 0, '2019-11-19 01:24:02'),
(516, 0, '2019-11-19 03:03:18'),
(517, 0, '2019-11-19 06:03:34'),
(518, 0, '2019-11-19 06:04:31'),
(519, 0, '2019-11-19 06:04:33'),
(520, 0, '2019-11-19 06:05:01'),
(521, 0, '2019-11-19 06:05:09'),
(522, 0, '2019-11-19 06:05:29'),
(523, 0, '2019-11-19 06:05:35'),
(524, 0, '2019-11-19 06:08:35'),
(525, 0, '2019-11-19 06:30:11'),
(526, 0, '2019-11-19 13:23:12'),
(527, 0, '2019-11-19 14:48:54'),
(528, 0, '2019-11-19 15:38:32'),
(529, 0, '2019-11-19 16:11:00'),
(530, 0, '2019-11-19 19:43:56'),
(531, 0, '2019-11-19 21:16:07'),
(532, 0, '2019-11-19 22:32:08'),
(533, 0, '2019-11-20 04:25:42'),
(534, 0, '2019-11-20 06:25:36'),
(535, 0, '2019-11-20 07:04:18'),
(536, 0, '2019-11-20 09:01:31'),
(537, 0, '2019-11-20 09:02:12'),
(538, 0, '2019-11-20 09:02:15'),
(539, 0, '2019-11-20 09:02:23'),
(540, 0, '2019-11-20 09:17:52'),
(541, 1, '2019-11-20 09:32:01'),
(542, 1, '2019-11-20 09:39:13'),
(543, 1, '2019-11-20 09:39:15'),
(544, 1, '2019-11-20 09:39:21'),
(545, 1, '2019-11-20 09:39:28'),
(546, 1, '2019-11-20 09:39:31'),
(547, 1, '2019-11-20 09:39:33'),
(548, 0, '2019-11-20 10:31:20'),
(549, 1, '2019-11-20 10:33:47'),
(550, 1, '2019-11-20 10:33:51'),
(551, 1, '2019-11-20 10:33:54'),
(552, 1, '2019-11-20 10:33:54'),
(553, 1, '2019-11-20 10:34:02'),
(554, 1, '2019-11-20 10:34:05'),
(555, 1, '2019-11-20 10:49:09'),
(556, 1, '2019-11-20 10:54:58'),
(557, 1, '2019-11-20 10:55:23'),
(558, 1, '2019-11-20 10:55:43'),
(559, 1, '2019-11-20 10:55:56'),
(560, 1, '2019-11-20 10:56:13'),
(561, 1, '2019-11-20 10:57:06'),
(562, 1, '2019-11-20 10:57:09'),
(563, 1, '2019-11-20 10:57:53'),
(564, 1, '2019-11-20 11:02:34'),
(565, 1, '2019-11-20 11:02:37'),
(566, 1, '2019-11-20 11:03:05'),
(567, 1, '2019-11-20 11:03:05'),
(568, 1, '2019-11-20 11:05:21'),
(569, 1, '2019-11-20 11:05:29'),
(570, 1, '2019-11-20 11:07:58'),
(571, 0, '2019-11-20 11:08:17'),
(572, 2, '2019-11-20 11:09:52'),
(573, 0, '2019-11-20 11:10:13'),
(574, 0, '2019-11-20 11:12:11'),
(575, 0, '2019-11-20 11:20:09'),
(576, 0, '2019-11-20 11:20:13'),
(577, 2, '2019-11-20 11:20:45'),
(578, 0, '2019-11-20 11:34:03'),
(579, 2, '2019-11-20 11:40:40'),
(580, 2, '2019-11-20 12:03:34'),
(581, 2, '2019-11-20 12:03:58'),
(582, 2, '2019-11-20 12:05:21'),
(583, 2, '2019-11-20 12:06:24'),
(584, 1, '2019-11-20 12:07:32'),
(585, 1, '2019-11-20 12:09:41'),
(586, 0, '2019-11-20 12:10:17'),
(587, 2, '2019-11-20 12:10:36'),
(588, 2, '2019-11-20 12:10:50'),
(589, 2, '2019-11-20 12:11:44'),
(590, 2, '2019-11-20 12:13:06'),
(591, 2, '2019-11-20 12:13:11'),
(592, 2, '2019-11-20 12:13:18'),
(593, 2, '2019-11-20 12:16:47'),
(594, 2, '2019-11-20 12:17:29'),
(595, 2, '2019-11-20 12:17:35'),
(596, 2, '2019-11-20 12:17:39'),
(597, 2, '2019-11-20 12:17:47'),
(598, 2, '2019-11-20 12:21:32'),
(599, 2, '2019-11-20 12:21:45'),
(600, 2, '2019-11-20 12:21:55'),
(601, 2, '2019-11-20 12:29:02'),
(602, 2, '2019-11-20 12:30:35'),
(603, 2, '2019-11-20 12:41:22'),
(604, 2, '2019-11-20 12:41:24'),
(605, 2, '2019-11-20 12:43:36'),
(606, 2, '2019-11-20 12:43:39'),
(607, 2, '2019-11-20 12:43:52'),
(608, 2, '2019-11-20 12:45:04'),
(609, 2, '2019-11-20 12:45:12'),
(610, 2, '2019-11-20 12:46:50'),
(611, 2, '2019-11-20 12:46:56'),
(612, 2, '2019-11-20 12:46:57'),
(613, 2, '2019-11-20 12:49:38'),
(614, 2, '2019-11-20 12:49:43'),
(615, 2, '2019-11-20 12:49:49'),
(616, 2, '2019-11-20 12:50:19'),
(617, 2, '2019-11-20 12:50:33'),
(618, 2, '2019-11-20 12:51:45'),
(619, 2, '2019-11-20 12:52:10'),
(620, 2, '2019-11-20 12:52:17'),
(621, 2, '2019-11-20 12:52:26'),
(622, 2, '2019-11-20 12:52:28'),
(623, 2, '2019-11-20 12:52:30'),
(624, 2, '2019-11-20 12:52:33'),
(625, 2, '2019-11-20 12:53:31'),
(626, 2, '2019-11-20 12:53:38'),
(627, 2, '2019-11-20 12:53:41'),
(628, 2, '2019-11-20 12:53:48'),
(629, 2, '2019-11-20 13:01:13'),
(630, 2, '2019-11-20 13:01:45'),
(631, 2, '2019-11-20 13:04:11'),
(632, 2, '2019-11-20 13:05:00'),
(633, 2, '2019-11-20 18:38:58'),
(634, 2, '2019-11-20 18:42:52'),
(635, 2, '2019-11-20 18:43:05'),
(636, 2, '2019-11-20 18:43:09'),
(637, 2, '2019-11-20 18:43:13'),
(638, 2, '2019-11-20 18:43:18'),
(639, 2, '2019-11-20 18:43:19'),
(640, 2, '2019-11-20 18:43:32'),
(641, 2, '2019-11-20 18:43:33'),
(642, 2, '2019-11-20 18:43:35'),
(643, 2, '2019-11-20 18:43:37'),
(644, 2, '2019-11-20 18:43:38'),
(645, 2, '2019-11-20 18:43:40'),
(646, 2, '2019-11-20 18:45:28'),
(647, 2, '2019-11-20 18:45:30'),
(648, 2, '2019-11-20 18:45:35'),
(649, 2, '2019-11-20 18:45:37'),
(650, 2, '2019-11-20 18:45:39'),
(651, 2, '2019-11-20 18:46:11'),
(652, 2, '2019-11-20 18:48:26'),
(653, 2, '2019-11-20 18:48:29'),
(654, 2, '2019-11-20 18:48:40'),
(655, 2, '2019-11-20 18:50:17'),
(656, 2, '2019-11-20 18:50:19'),
(657, 2, '2019-11-20 18:50:25'),
(658, 2, '2019-11-20 18:51:31'),
(659, 2, '2019-11-20 18:51:33'),
(660, 2, '2019-11-20 18:52:29'),
(661, 2, '2019-11-20 18:52:31'),
(662, 2, '2019-11-20 18:52:33'),
(663, 2, '2019-11-20 18:53:20'),
(664, 2, '2019-11-20 18:53:20'),
(665, 2, '2019-11-20 18:53:28'),
(666, 2, '2019-11-20 18:53:32'),
(667, 2, '2019-11-20 18:53:37'),
(668, 2, '2019-11-20 18:53:39'),
(669, 2, '2019-11-20 18:53:44'),
(670, 2, '2019-11-20 18:53:45'),
(671, 2, '2019-11-20 18:53:56'),
(672, 2, '2019-11-20 18:53:57'),
(673, 2, '2019-11-20 18:54:10'),
(674, 2, '2019-11-20 18:54:17'),
(675, 2, '2019-11-20 18:54:18'),
(676, 2, '2019-11-20 18:54:21'),
(677, 2, '2019-11-20 18:54:22'),
(678, 2, '2019-11-20 18:54:27'),
(679, 2, '2019-11-20 18:54:37'),
(680, 2, '2019-11-20 19:00:01'),
(681, 0, '2019-11-20 19:00:37'),
(682, 1, '2019-11-20 19:00:47'),
(683, 1, '2019-11-20 19:00:51'),
(684, 0, '2019-11-20 19:00:53'),
(685, 1, '2019-11-20 19:00:59'),
(686, 1, '2019-11-20 19:01:31'),
(687, 1, '2019-11-20 19:01:33'),
(688, 1, '2019-11-20 19:01:34'),
(689, 1, '2019-11-20 19:01:56'),
(690, 1, '2019-11-20 19:02:02'),
(691, 1, '2019-11-20 19:02:04'),
(692, 1, '2019-11-20 19:02:09'),
(693, 1, '2019-11-20 19:02:17'),
(694, 1, '2019-11-20 19:08:42'),
(695, 1, '2019-11-20 19:09:03'),
(696, 1, '2019-11-20 19:09:54'),
(697, 1, '2019-11-20 19:10:12'),
(698, 1, '2019-11-20 19:10:44'),
(699, 1, '2019-11-20 19:11:22'),
(700, 1, '2019-11-20 19:11:40'),
(701, 1, '2019-11-20 19:11:44'),
(702, 1, '2019-11-20 19:12:01'),
(703, 1, '2019-11-20 19:12:04'),
(704, 1, '2019-11-20 19:12:07'),
(705, 1, '2019-11-20 19:12:09'),
(706, 1, '2019-11-20 19:12:11'),
(707, 1, '2019-11-20 19:12:13'),
(708, 1, '2019-11-20 19:12:14'),
(709, 1, '2019-11-20 19:12:16'),
(710, 1, '2019-11-20 19:12:18'),
(711, 1, '2019-11-20 19:13:11'),
(712, 1, '2019-11-20 19:15:19'),
(713, 1, '2019-11-20 19:16:35'),
(714, 1, '2019-11-20 19:23:05'),
(715, 1, '2019-11-20 19:23:26'),
(716, 1, '2019-11-20 19:24:23'),
(717, 1, '2019-11-20 19:24:25'),
(718, 1, '2019-11-20 19:25:48'),
(719, 1, '2019-11-20 19:26:37'),
(720, 1, '2019-11-20 19:26:46'),
(721, 1, '2019-11-20 19:27:20'),
(722, 1, '2019-11-20 19:28:03'),
(723, 1, '2019-11-20 19:28:05'),
(724, 1, '2019-11-20 19:28:07'),
(725, 1, '2019-11-20 19:28:10'),
(726, 1, '2019-11-20 19:28:13'),
(727, 1, '2019-11-20 19:28:24'),
(728, 1, '2019-11-20 19:28:28'),
(729, 1, '2019-11-20 19:28:42'),
(730, 1, '2019-11-20 19:28:46'),
(731, 1, '2019-11-20 19:28:50'),
(732, 1, '2019-11-20 19:28:53'),
(733, 2, '2019-11-20 19:55:18'),
(734, 2, '2019-11-20 19:55:34'),
(735, 2, '2019-11-20 19:55:34'),
(736, 2, '2019-11-20 19:55:36'),
(737, 2, '2019-11-20 19:55:39'),
(738, 2, '2019-11-20 19:56:02'),
(739, 2, '2019-11-20 19:56:03'),
(740, 0, '2019-11-20 20:28:59'),
(741, 0, '2019-11-20 21:11:52'),
(742, 0, '2019-11-20 22:23:28'),
(743, 0, '2019-11-21 06:10:03'),
(744, 0, '2019-11-21 06:10:32'),
(745, 0, '2019-11-21 07:12:13'),
(746, 0, '2019-11-21 08:00:47'),
(747, 0, '2019-11-21 08:15:00'),
(748, 0, '2019-11-21 08:15:04'),
(749, 0, '2019-11-21 08:15:19'),
(750, 0, '2019-11-21 08:16:30'),
(751, 0, '2019-11-21 08:16:41'),
(752, 0, '2019-11-21 08:16:43'),
(753, 0, '2019-11-21 10:40:37'),
(754, 0, '2019-11-21 14:00:58'),
(755, 0, '2019-11-21 17:07:34'),
(756, 0, '2019-11-21 21:36:23'),
(757, 0, '2019-11-21 23:03:13'),
(758, 0, '2019-11-22 02:28:04'),
(759, 0, '2019-11-22 18:03:23'),
(760, 0, '2019-11-22 19:58:54'),
(761, 0, '2019-11-22 20:22:28'),
(762, 0, '2019-11-22 21:36:55'),
(763, 0, '2019-11-22 23:11:47'),
(764, 0, '2019-11-23 02:53:27'),
(765, 0, '2019-11-23 03:33:21'),
(766, 0, '2019-11-23 04:50:09'),
(767, 1, '2019-11-23 07:35:01'),
(768, 1, '2019-11-23 07:35:22'),
(769, 1, '2019-11-23 07:35:47'),
(770, 1, '2019-11-23 07:56:49'),
(771, 1, '2019-11-23 08:02:53'),
(772, 1, '2019-11-23 08:03:42'),
(773, 1, '2019-11-23 08:03:43'),
(774, 1, '2019-11-23 08:22:37'),
(775, 1, '2019-11-23 08:22:37'),
(776, 1, '2019-11-23 08:22:50'),
(777, 1, '2019-11-23 08:22:52'),
(778, 1, '2019-11-23 08:23:03'),
(779, 1, '2019-11-23 08:24:19'),
(780, 1, '2019-11-23 08:24:22'),
(781, 0, '2019-11-23 08:24:28'),
(782, 1, '2019-11-23 08:25:11'),
(783, 1, '2019-11-23 08:25:20'),
(784, 1, '2019-11-23 08:27:16'),
(785, 1, '2019-11-23 08:28:21'),
(786, 1, '2019-11-23 08:28:53'),
(787, 1, '2019-11-23 08:29:11'),
(788, 1, '2019-11-23 08:29:19'),
(789, 1, '2019-11-23 08:38:10'),
(790, 1, '2019-11-23 09:23:58'),
(791, 1, '2019-11-23 09:25:00'),
(792, 1, '2019-11-23 09:25:05'),
(793, 1, '2019-11-23 09:25:08'),
(794, 0, '2019-11-23 09:42:06'),
(795, 0, '2019-11-23 11:18:56'),
(796, 0, '2019-11-23 12:07:35'),
(797, 0, '2019-11-23 13:23:04'),
(798, 0, '2019-11-23 14:53:30'),
(799, 0, '2019-11-23 15:28:34'),
(800, 0, '2019-11-24 02:54:59'),
(801, 0, '2019-11-24 03:26:22'),
(802, 0, '2019-11-24 03:33:26'),
(803, 0, '2019-11-24 04:01:57'),
(804, 0, '2019-11-24 08:31:09'),
(805, 0, '2019-11-24 08:43:36'),
(806, 0, '2019-11-24 10:12:31'),
(807, 0, '2019-11-24 14:58:59'),
(808, 0, '2019-11-24 15:19:18'),
(809, 0, '2019-11-24 16:03:46'),
(810, 0, '2019-11-24 16:05:52'),
(811, 0, '2019-11-24 17:02:07'),
(812, 0, '2019-11-24 17:55:02'),
(813, 0, '2019-11-24 18:00:10'),
(814, 0, '2019-11-24 18:23:33'),
(815, 0, '2019-11-24 22:13:04'),
(816, 0, '2019-11-25 02:40:42'),
(817, 0, '2019-11-25 03:31:01'),
(818, 0, '2019-11-25 03:49:37'),
(819, 0, '2019-11-25 04:14:35'),
(820, 0, '2019-11-25 04:17:37'),
(821, 0, '2019-11-25 04:24:13'),
(822, 0, '2019-11-25 04:27:02'),
(823, 0, '2019-11-25 05:37:19'),
(824, 0, '2019-11-25 05:53:34'),
(825, 0, '2019-11-25 06:43:41'),
(826, 0, '2019-11-25 08:46:42'),
(827, 0, '2019-11-25 08:52:47'),
(828, 0, '2019-11-25 12:57:15'),
(829, 0, '2019-11-25 14:56:32'),
(830, 0, '2019-11-25 16:51:57'),
(831, 0, '2019-11-25 16:52:12'),
(832, 0, '2019-11-25 16:52:55'),
(833, 0, '2019-11-25 16:57:25'),
(834, 0, '2019-11-25 16:59:57'),
(835, 0, '2019-11-25 17:00:54'),
(836, 0, '2019-11-25 18:00:01'),
(837, 0, '2019-11-25 18:15:58'),
(838, 0, '2019-11-25 18:16:55'),
(839, 0, '2019-11-25 18:20:43'),
(840, 0, '2019-11-25 18:26:55'),
(841, 0, '2019-11-25 18:42:27'),
(842, 0, '2019-11-25 19:33:18'),
(843, 0, '2019-11-25 20:21:15'),
(844, 0, '2019-11-25 20:27:24'),
(845, 0, '2019-11-25 21:53:05'),
(846, 0, '2019-11-25 22:04:02'),
(847, 0, '2019-11-25 22:28:37'),
(848, 0, '2019-11-26 01:51:11'),
(849, 0, '2019-11-26 01:54:59'),
(850, 0, '2019-11-26 02:32:59'),
(851, 0, '2019-11-26 02:35:50'),
(852, 0, '2019-11-26 03:14:58'),
(853, 0, '2019-11-26 03:39:31'),
(854, 0, '2019-11-26 03:40:26'),
(855, 0, '2019-11-26 04:09:17'),
(856, 0, '2019-11-26 04:58:20'),
(857, 0, '2019-11-26 05:12:39'),
(858, 0, '2019-11-26 05:12:43'),
(859, 0, '2019-11-26 05:12:44'),
(860, 0, '2019-11-26 05:12:45'),
(861, 0, '2019-11-26 05:12:46'),
(862, 0, '2019-11-26 05:12:47'),
(863, 0, '2019-11-26 05:12:48'),
(864, 0, '2019-11-26 05:12:49'),
(865, 0, '2019-11-26 05:12:50'),
(866, 0, '2019-11-26 05:12:54'),
(867, 0, '2019-11-26 05:12:55'),
(868, 0, '2019-11-26 05:13:00'),
(869, 0, '2019-11-26 05:13:01'),
(870, 0, '2019-11-26 05:13:06'),
(871, 0, '2019-11-26 05:13:09'),
(872, 0, '2019-11-26 05:13:13'),
(873, 0, '2019-11-26 05:13:14'),
(874, 0, '2019-11-26 05:13:17'),
(875, 0, '2019-11-26 05:13:31'),
(876, 0, '2019-11-26 05:13:33'),
(877, 0, '2019-11-26 05:13:49'),
(878, 0, '2019-11-26 05:56:17'),
(879, 0, '2019-11-26 06:31:16'),
(880, 0, '2019-11-26 10:53:13'),
(881, 0, '2019-11-26 14:04:20'),
(882, 0, '2019-11-26 17:17:33'),
(883, 0, '2019-11-26 17:34:57'),
(884, 0, '2019-11-26 21:13:47'),
(885, 0, '2019-11-26 22:47:42'),
(886, 0, '2019-11-26 23:56:54'),
(887, 0, '2019-11-27 00:22:09'),
(888, 0, '2019-11-27 03:43:57'),
(889, 0, '2019-11-27 04:54:27'),
(890, 0, '2019-11-27 07:03:43'),
(891, 0, '2019-11-27 07:35:59'),
(892, 0, '2019-11-27 07:50:09'),
(893, 0, '2019-11-27 08:43:42'),
(894, 0, '2019-11-27 11:06:37'),
(895, 0, '2019-11-27 11:32:07'),
(896, 0, '2019-11-27 13:18:52'),
(897, 0, '2019-11-27 17:44:15'),
(898, 0, '2019-11-27 21:07:51'),
(899, 0, '2019-11-28 01:07:07'),
(900, 0, '2019-11-28 01:52:34'),
(901, 0, '2019-11-28 01:53:21'),
(902, 0, '2019-11-28 03:13:36'),
(903, 0, '2019-11-28 04:32:23'),
(904, 0, '2019-11-28 06:39:11'),
(905, 0, '2019-11-28 08:17:42'),
(906, 0, '2019-11-28 08:18:11'),
(907, 0, '2019-11-28 11:25:16'),
(908, 0, '2019-11-28 12:01:52'),
(909, 0, '2019-11-28 14:23:31'),
(910, 0, '2019-11-28 15:15:19'),
(911, 0, '2019-11-28 20:56:14'),
(912, 0, '2019-11-29 01:12:10'),
(913, 0, '2019-11-29 02:16:01'),
(914, 0, '2019-11-29 03:33:02'),
(915, 0, '2019-11-29 04:21:24'),
(916, 0, '2019-11-29 04:52:11'),
(917, 0, '2019-11-29 06:42:02'),
(918, 0, '2019-11-29 06:42:14'),
(919, 0, '2019-11-29 06:42:16'),
(920, 0, '2019-11-29 07:54:02'),
(921, 0, '2019-11-29 08:15:01'),
(922, 0, '2019-11-29 10:58:04'),
(923, 0, '2019-11-29 16:34:08'),
(924, 0, '2019-11-29 19:47:54'),
(925, 0, '2019-11-29 20:32:36'),
(926, 0, '2019-11-29 20:35:15'),
(927, 0, '2019-11-29 21:33:02'),
(928, 0, '2019-11-29 22:34:02'),
(929, 0, '2019-11-30 05:41:01'),
(930, 0, '2019-11-30 06:04:16'),
(931, 0, '2019-11-30 06:06:22'),
(932, 0, '2019-11-30 06:06:32'),
(933, 0, '2019-11-30 06:06:44'),
(934, 0, '2019-11-30 06:07:03'),
(935, 0, '2019-11-30 06:07:26'),
(936, 0, '2019-11-30 06:07:38'),
(937, 0, '2019-11-30 06:07:52'),
(938, 0, '2019-11-30 06:08:11'),
(939, 0, '2019-11-30 06:29:42'),
(940, 0, '2019-11-30 07:16:06'),
(941, 0, '2019-11-30 11:11:01'),
(942, 0, '2019-11-30 14:59:24'),
(943, 0, '2019-11-30 14:59:26'),
(944, 0, '2019-11-30 14:59:29'),
(945, 0, '2019-11-30 14:59:31'),
(946, 0, '2019-11-30 14:59:33'),
(947, 0, '2019-11-30 14:59:34'),
(948, 0, '2019-11-30 14:59:36'),
(949, 0, '2019-11-30 14:59:38'),
(950, 0, '2019-11-30 14:59:40'),
(951, 0, '2019-11-30 17:01:44'),
(952, 0, '2019-11-30 23:49:52'),
(953, 0, '2019-11-30 23:55:39'),
(954, 0, '2019-12-01 04:49:30'),
(955, 0, '2019-12-01 06:22:16'),
(956, 0, '2019-12-01 06:57:10'),
(957, 0, '2019-12-01 07:24:51'),
(958, 0, '2019-12-01 09:43:56'),
(959, 0, '2019-12-01 10:04:37'),
(960, 0, '2019-12-01 10:05:04'),
(961, 0, '2019-12-01 10:05:18'),
(962, 0, '2019-12-01 10:05:29'),
(963, 0, '2019-12-01 10:05:37'),
(964, 0, '2019-12-01 11:13:36'),
(965, 0, '2019-12-01 16:25:59'),
(966, 0, '2019-12-01 16:55:03'),
(967, 0, '2019-12-01 18:32:50'),
(968, 0, '2019-12-01 23:36:14'),
(969, 0, '2019-12-02 00:30:44'),
(970, 0, '2019-12-02 02:55:25'),
(971, 0, '2019-12-02 04:43:25'),
(972, 0, '2019-12-02 07:31:05'),
(973, 0, '2019-12-02 08:00:31'),
(974, 0, '2019-12-02 12:32:08'),
(975, 0, '2019-12-02 12:44:11'),
(976, 0, '2019-12-02 13:24:33'),
(977, 0, '2019-12-02 16:05:45'),
(978, 0, '2019-12-02 20:08:34'),
(979, 0, '2019-12-02 20:39:20'),
(980, 0, '2019-12-02 23:11:50'),
(981, 0, '2019-12-03 03:26:47'),
(982, 0, '2019-12-03 04:04:06'),
(983, 0, '2019-12-03 05:49:34'),
(984, 0, '2019-12-03 07:49:54'),
(985, 1, '2019-12-03 09:06:19'),
(986, 1, '2019-12-03 09:06:37'),
(987, 1, '2019-12-03 09:06:49'),
(988, 0, '2019-12-03 09:09:37'),
(989, 0, '2019-12-03 09:09:51'),
(990, 0, '2019-12-03 09:09:53'),
(991, 0, '2019-12-03 09:11:01'),
(992, 1, '2019-12-03 09:50:23'),
(993, 1, '2019-12-03 09:51:18'),
(994, 0, '2019-12-03 10:29:48'),
(995, 1, '2019-12-03 10:39:48'),
(996, 0, '2019-12-03 10:40:07'),
(997, 2, '2019-12-03 10:40:36'),
(998, 0, '2019-12-03 11:00:20'),
(999, 0, '2019-12-03 11:17:21'),
(1000, 0, '2019-12-03 12:09:54'),
(1001, 0, '2019-12-03 12:37:04'),
(1002, 0, '2019-12-03 16:01:00'),
(1003, 0, '2019-12-03 16:27:38'),
(1004, 0, '2019-12-03 16:50:04'),
(1005, 0, '2019-12-03 22:08:01'),
(1006, 0, '2019-12-03 22:31:12'),
(1007, 0, '2019-12-03 22:48:51'),
(1008, 0, '2019-12-04 01:37:17'),
(1009, 0, '2019-12-04 02:34:28'),
(1010, 0, '2019-12-04 03:39:54'),
(1011, 0, '2019-12-04 03:39:59'),
(1012, 0, '2019-12-04 05:02:10'),
(1013, 0, '2019-12-04 05:02:15'),
(1014, 0, '2019-12-04 05:22:26'),
(1015, 0, '2019-12-04 09:56:35'),
(1016, 0, '2019-12-04 11:16:01'),
(1017, 0, '2019-12-04 12:15:37'),
(1018, 0, '2019-12-04 16:08:21'),
(1019, 0, '2019-12-04 16:45:12'),
(1020, 0, '2019-12-04 17:24:09'),
(1021, 0, '2019-12-04 19:42:46'),
(1022, 0, '2019-12-04 20:36:14'),
(1023, 0, '2019-12-04 23:57:16'),
(1024, 0, '2019-12-05 00:59:21'),
(1025, 0, '2019-12-05 02:30:05'),
(1026, 0, '2019-12-05 04:08:33'),
(1027, 0, '2019-12-05 06:27:12'),
(1028, 0, '2019-12-05 07:23:49'),
(1029, 0, '2019-12-05 08:14:44'),
(1030, 0, '2019-12-05 08:44:20'),
(1031, 0, '2019-12-05 10:56:38'),
(1032, 0, '2019-12-05 13:55:04'),
(1033, 0, '2019-12-05 14:27:46'),
(1034, 0, '2019-12-05 15:49:42'),
(1035, 0, '2019-12-05 17:35:56'),
(1036, 0, '2019-12-05 18:20:41'),
(1037, 0, '2019-12-05 18:37:58'),
(1038, 0, '2019-12-05 19:16:38'),
(1039, 0, '2019-12-05 21:26:24'),
(1040, 0, '2019-12-05 22:08:33'),
(1041, 0, '2019-12-06 04:23:42'),
(1042, 0, '2019-12-06 05:43:00'),
(1043, 0, '2019-12-06 06:26:10'),
(1044, 0, '2019-12-06 08:09:52'),
(1045, 0, '2019-12-06 13:18:43'),
(1046, 0, '2019-12-06 14:29:13'),
(1047, 0, '2019-12-06 19:16:47'),
(1048, 0, '2019-12-06 19:38:22'),
(1049, 0, '2019-12-06 20:04:12'),
(1050, 0, '2019-12-06 23:58:33'),
(1051, 0, '2019-12-07 00:27:29'),
(1052, 0, '2019-12-07 01:22:26'),
(1053, 0, '2019-12-07 02:36:20'),
(1054, 0, '2019-12-07 04:55:59'),
(1055, 0, '2019-12-07 07:29:39'),
(1056, 0, '2019-12-07 08:25:53'),
(1057, 0, '2019-12-07 09:35:04'),
(1058, 0, '2019-12-07 11:43:12'),
(1059, 0, '2019-12-07 12:11:40'),
(1060, 0, '2019-12-07 12:11:42'),
(1061, 0, '2019-12-07 12:11:43'),
(1062, 0, '2019-12-07 12:11:44'),
(1063, 0, '2019-12-07 12:11:45'),
(1064, 0, '2019-12-07 12:11:46'),
(1065, 0, '2019-12-07 12:20:15'),
(1066, 0, '2019-12-07 12:35:16'),
(1067, 2, '2019-12-07 12:45:44'),
(1068, 2, '2019-12-07 12:46:50'),
(1069, 2, '2019-12-07 12:51:14'),
(1070, 2, '2019-12-07 12:51:22'),
(1071, 2, '2019-12-07 12:51:48'),
(1072, 2, '2019-12-07 12:51:55'),
(1073, 2, '2019-12-07 12:52:22'),
(1074, 0, '2019-12-07 13:32:52'),
(1075, 0, '2019-12-07 13:33:39'),
(1076, 0, '2019-12-07 13:43:58'),
(1077, 0, '2019-12-07 15:13:37'),
(1078, 0, '2019-12-07 15:54:59'),
(1079, 0, '2019-12-08 06:37:44'),
(1080, 0, '2019-12-08 07:15:30'),
(1081, 0, '2019-12-08 08:15:12'),
(1082, 0, '2019-12-08 10:17:43'),
(1083, 0, '2019-12-08 10:53:43'),
(1084, 0, '2019-12-08 13:46:47'),
(1085, 0, '2019-12-08 16:14:00'),
(1086, 0, '2019-12-08 16:32:47'),
(1087, 0, '2019-12-08 16:41:53'),
(1088, 0, '2019-12-08 16:42:02'),
(1089, 0, '2019-12-08 16:43:51'),
(1090, 0, '2019-12-08 17:23:55'),
(1091, 0, '2019-12-08 17:24:05'),
(1092, 0, '2019-12-08 17:35:51'),
(1093, 0, '2019-12-08 17:36:14'),
(1094, 0, '2019-12-08 17:55:59'),
(1095, 0, '2019-12-08 17:58:38'),
(1096, 2, '2019-12-08 17:58:48'),
(1097, 2, '2019-12-08 17:58:56'),
(1098, 0, '2019-12-08 18:02:13'),
(1099, 0, '2019-12-08 18:02:44'),
(1100, 0, '2019-12-08 18:03:42'),
(1101, 0, '2019-12-08 18:04:08'),
(1102, 0, '2019-12-08 18:04:21'),
(1103, 0, '2019-12-08 18:29:12'),
(1104, 0, '2019-12-08 18:34:21'),
(1105, 0, '2019-12-08 18:47:15'),
(1106, 0, '2019-12-08 19:01:14'),
(1107, 0, '2019-12-08 19:20:46'),
(1108, 0, '2019-12-09 00:50:42'),
(1109, 0, '2019-12-09 01:18:44'),
(1110, 0, '2019-12-09 02:07:32'),
(1111, 0, '2019-12-09 02:15:39'),
(1112, 0, '2019-12-09 02:46:31'),
(1113, 0, '2019-12-09 04:18:23'),
(1114, 0, '2019-12-09 05:40:38'),
(1115, 0, '2019-12-09 07:37:37'),
(1116, 0, '2019-12-09 08:21:31'),
(1117, 0, '2019-12-09 08:41:53'),
(1118, 0, '2019-12-09 09:02:02'),
(1119, 0, '2019-12-09 10:09:13'),
(1120, 0, '2019-12-09 11:28:17'),
(1121, 0, '2019-12-09 13:11:36'),
(1122, 0, '2019-12-09 14:53:57'),
(1123, 0, '2019-12-09 17:26:53'),
(1124, 0, '2019-12-09 18:39:57'),
(1125, 0, '2019-12-09 21:32:55'),
(1126, 0, '2019-12-09 23:43:24'),
(1127, 0, '2019-12-10 01:00:37'),
(1128, 0, '2019-12-10 01:25:31'),
(1129, 0, '2019-12-10 05:47:02'),
(1130, 0, '2019-12-10 15:29:17'),
(1131, 0, '2019-12-10 16:59:35'),
(1132, 0, '2019-12-10 17:10:51'),
(1133, 0, '2019-12-10 21:49:49'),
(1134, 0, '2019-12-10 22:10:56'),
(1135, 0, '2019-12-10 23:25:47'),
(1136, 0, '2019-12-11 01:42:30'),
(1137, 0, '2019-12-11 07:09:54'),
(1138, 0, '2019-12-11 07:46:27'),
(1139, 0, '2019-12-11 10:00:38'),
(1140, 0, '2019-12-11 14:52:23'),
(1141, 0, '2019-12-11 14:53:39'),
(1142, 0, '2019-12-11 15:43:08'),
(1143, 0, '2019-12-11 15:55:58'),
(1144, 0, '2019-12-11 16:36:51'),
(1145, 0, '2019-12-11 20:50:45'),
(1146, 0, '2019-12-11 22:34:30'),
(1147, 0, '2019-12-12 00:02:26'),
(1148, 0, '2019-12-12 01:26:37'),
(1149, 0, '2019-12-12 02:02:47'),
(1150, 0, '2019-12-12 02:07:22'),
(1151, 0, '2019-12-12 02:15:13'),
(1152, 0, '2019-12-12 02:33:11'),
(1153, 0, '2019-12-12 02:56:20'),
(1154, 0, '2019-12-12 05:31:56'),
(1155, 0, '2019-12-12 05:40:41'),
(1156, 0, '2019-12-12 09:50:16'),
(1157, 0, '2019-12-12 11:54:07'),
(1158, 0, '2019-12-12 11:55:48'),
(1159, 2, '2019-12-12 12:01:15'),
(1160, 2, '2019-12-12 12:03:03'),
(1161, 2, '2019-12-12 12:04:51'),
(1162, 0, '2019-12-12 15:20:54'),
(1163, 0, '2019-12-12 15:39:59'),
(1164, 0, '2019-12-12 15:40:10'),
(1165, 0, '2019-12-12 15:40:14'),
(1166, 0, '2019-12-12 15:40:51'),
(1167, 0, '2019-12-12 15:41:08'),
(1168, 2, '2019-12-12 15:42:03'),
(1169, 2, '2019-12-12 15:45:14'),
(1170, 2, '2019-12-12 15:45:29'),
(1171, 2, '2019-12-12 15:45:36'),
(1172, 2, '2019-12-12 15:46:05'),
(1173, 0, '2019-12-12 16:35:01'),
(1174, 0, '2019-12-12 17:17:20'),
(1175, 0, '2019-12-12 18:31:32'),
(1176, 0, '2019-12-12 20:22:43'),
(1177, 0, '2019-12-12 20:22:48'),
(1178, 0, '2019-12-12 21:19:31'),
(1179, 0, '2019-12-12 21:36:14'),
(1180, 0, '2019-12-12 21:39:30'),
(1181, 0, '2019-12-12 22:27:38'),
(1182, 0, '2019-12-12 23:09:29'),
(1183, 0, '2019-12-13 02:19:27'),
(1184, 2, '2019-12-13 09:54:48'),
(1185, 2, '2019-12-13 09:57:12'),
(1186, 2, '2019-12-13 09:57:38'),
(1187, 2, '2019-12-13 09:57:56'),
(1188, 0, '2019-12-13 10:17:12'),
(1189, 0, '2019-12-13 11:05:48'),
(1190, 1102, '2019-12-13 11:06:03'),
(1191, 1102, '2019-12-13 11:06:10'),
(1192, 1102, '2019-12-13 11:06:33'),
(1193, 1102, '2019-12-13 11:06:46'),
(1194, 1102, '2019-12-13 11:08:54'),
(1195, 0, '2019-12-13 11:27:50'),
(1196, 1, '2019-12-13 11:28:02'),
(1197, 1, '2019-12-13 11:31:15'),
(1198, 1, '2019-12-13 11:31:44'),
(1199, 0, '2019-12-13 11:32:30'),
(1200, 312, '2019-12-13 11:32:45'),
(1201, 0, '2019-12-13 11:35:38'),
(1202, 1, '2019-12-13 11:35:53'),
(1203, 0, '2019-12-13 11:57:52'),
(1204, 0, '2019-12-13 12:46:39'),
(1205, 0, '2019-12-13 13:27:24'),
(1206, 118, '2019-12-13 13:27:42'),
(1207, 0, '2019-12-13 16:08:59'),
(1208, 0, '2019-12-13 17:36:25'),
(1209, 0, '2019-12-13 22:03:10'),
(1210, 0, '2019-12-13 22:08:50'),
(1211, 0, '2019-12-14 01:58:40'),
(1212, 0, '2019-12-14 03:00:50'),
(1213, 0, '2019-12-14 04:36:07'),
(1214, 0, '2019-12-14 06:26:01'),
(1215, 0, '2019-12-14 12:32:04'),
(1216, 0, '2019-12-14 14:21:59'),
(1217, 0, '2019-12-14 18:37:46'),
(1218, 0, '2019-12-14 21:00:54'),
(1219, 0, '2019-12-14 21:26:39'),
(1220, 0, '2019-12-15 01:09:14'),
(1221, 0, '2019-12-15 01:40:45'),
(1222, 0, '2019-12-15 04:42:15'),
(1223, 0, '2019-12-15 05:04:03'),
(1224, 0, '2019-12-15 05:05:16'),
(1225, 1, '2019-12-15 05:05:43'),
(1226, 0, '2019-12-15 06:37:41'),
(1227, 0, '2019-12-15 08:38:28'),
(1228, 0, '2019-12-15 09:48:53'),
(1229, 0, '2019-12-15 10:14:56'),
(1230, 0, '2019-12-15 12:05:21'),
(1231, 0, '2019-12-15 21:39:40'),
(1232, 0, '2019-12-15 23:21:16'),
(1233, 0, '2019-12-15 23:21:19'),
(1234, 0, '2019-12-15 23:21:21'),
(1235, 0, '2019-12-15 23:21:24'),
(1236, 0, '2019-12-15 23:21:34'),
(1237, 0, '2019-12-15 23:21:36'),
(1238, 0, '2019-12-15 23:21:39'),
(1239, 0, '2019-12-15 23:21:41'),
(1240, 0, '2019-12-16 01:05:58'),
(1241, 0, '2019-12-16 01:37:29'),
(1242, 0, '2019-12-16 04:28:26'),
(1243, 0, '2019-12-16 04:28:47'),
(1244, 0, '2019-12-16 04:59:33'),
(1245, 0, '2019-12-16 04:59:47'),
(1246, 0, '2019-12-16 04:59:50'),
(1247, 0, '2019-12-16 04:59:55'),
(1248, 0, '2019-12-16 04:59:57'),
(1249, 0, '2019-12-16 05:00:05'),
(1250, 0, '2019-12-16 05:00:14'),
(1251, 0, '2019-12-16 05:10:01'),
(1252, 0, '2019-12-16 05:19:19'),
(1253, 0, '2019-12-16 06:11:33'),
(1254, 0, '2019-12-16 07:07:44'),
(1255, 0, '2019-12-16 08:19:55'),
(1256, 0, '2019-12-16 13:05:05'),
(1257, 0, '2019-12-16 14:29:58'),
(1258, 0, '2019-12-16 15:52:00'),
(1259, 0, '2019-12-16 15:54:36'),
(1260, 0, '2019-12-16 17:47:15'),
(1261, 0, '2019-12-16 20:59:27'),
(1262, 0, '2019-12-16 21:24:58'),
(1263, 0, '2019-12-16 21:59:48'),
(1264, 0, '2019-12-16 23:34:10'),
(1265, 0, '2019-12-17 05:28:22'),
(1266, 1, '2019-12-17 07:33:55'),
(1267, 1, '2019-12-17 07:34:37'),
(1268, 1, '2019-12-17 07:34:47'),
(1269, 1, '2019-12-17 07:34:57'),
(1270, 1, '2019-12-17 07:35:14'),
(1271, 1, '2019-12-17 07:38:50'),
(1272, 1, '2019-12-17 07:39:01'),
(1273, 1, '2019-12-17 07:39:10'),
(1274, 1, '2019-12-17 07:39:19'),
(1275, 1, '2019-12-17 07:39:28'),
(1276, 1, '2019-12-17 07:39:29'),
(1277, 1, '2019-12-17 07:39:30'),
(1278, 1, '2019-12-17 07:39:38'),
(1279, 1, '2019-12-17 07:39:58'),
(1280, 1, '2019-12-17 07:40:04'),
(1281, 1, '2019-12-17 07:41:11'),
(1282, 1, '2019-12-17 07:41:18'),
(1283, 1, '2019-12-17 07:41:20'),
(1284, 1, '2019-12-17 07:41:38'),
(1285, 1, '2019-12-17 07:43:30'),
(1286, 1, '2019-12-17 07:43:34'),
(1287, 0, '2019-12-17 08:13:09'),
(1288, 0, '2019-12-17 08:19:43'),
(1289, 0, '2019-12-17 08:30:45'),
(1290, 0, '2019-12-17 11:27:39'),
(1291, 0, '2019-12-17 11:38:18'),
(1292, 0, '2019-12-17 11:49:09'),
(1293, 0, '2019-12-17 11:50:58'),
(1294, 0, '2019-12-17 11:52:07'),
(1295, 0, '2019-12-17 11:53:29'),
(1296, 0, '2019-12-17 11:53:32'),
(1297, 1108, '2019-12-17 13:12:31'),
(1298, 0, '2019-12-17 13:20:32'),
(1299, 0, '2019-12-17 13:22:57'),
(1300, 0, '2019-12-17 13:26:13'),
(1301, 0, '2019-12-17 13:27:43'),
(1302, 0, '2019-12-17 13:28:45'),
(1303, 0, '2019-12-17 13:36:07'),
(1304, 0, '2019-12-17 13:37:12'),
(1305, 0, '2019-12-17 14:38:37'),
(1306, 0, '2019-12-17 14:38:42'),
(1307, 0, '2019-12-17 14:39:27'),
(1308, 0, '2019-12-17 14:39:48'),
(1309, 0, '2019-12-17 14:40:13'),
(1310, 0, '2019-12-17 14:41:09'),
(1311, 0, '2019-12-17 14:41:12'),
(1312, 0, '2019-12-17 14:41:16'),
(1313, 0, '2019-12-17 14:41:24'),
(1314, 1, '2019-12-17 15:16:29'),
(1315, 1, '2019-12-17 15:28:10'),
(1316, 1, '2019-12-17 15:28:22'),
(1317, 1, '2019-12-17 15:28:25'),
(1318, 1, '2019-12-17 15:55:52'),
(1319, 1, '2019-12-17 15:55:56'),
(1320, 1, '2019-12-17 15:55:58'),
(1321, 1, '2019-12-17 15:59:15'),
(1322, 1, '2019-12-17 15:59:19'),
(1323, 1, '2019-12-17 15:59:22'),
(1324, 1, '2019-12-17 16:00:32'),
(1325, 1, '2019-12-17 16:00:36'),
(1326, 1, '2019-12-17 16:00:36'),
(1327, 1, '2019-12-17 16:04:55'),
(1328, 1, '2019-12-17 16:05:05'),
(1329, 0, '2019-12-17 16:32:21'),
(1330, 1108, '2019-12-17 16:38:01'),
(1331, 0, '2019-12-17 16:38:51'),
(1332, 0, '2019-12-17 16:56:36'),
(1333, 0, '2019-12-17 18:29:20'),
(1334, 0, '2019-12-17 20:45:01'),
(1335, 0, '2019-12-17 21:14:51'),
(1336, 0, '2019-12-18 03:24:59'),
(1337, 0, '2019-12-18 07:17:52'),
(1338, 0, '2019-12-18 08:31:03'),
(1339, 0, '2019-12-18 16:42:19'),
(1340, 0, '2019-12-18 21:58:38'),
(1341, 0, '2019-12-19 02:21:04'),
(1342, 0, '2019-12-19 02:52:03'),
(1343, 0, '2019-12-19 03:37:55'),
(1344, 0, '2019-12-19 08:24:14'),
(1345, 0, '2019-12-19 09:05:54'),
(1346, 0, '2019-12-19 09:21:47'),
(1347, 0, '2019-12-19 09:28:20'),
(1348, 0, '2019-12-19 15:07:30'),
(1349, 0, '2019-12-19 15:07:47'),
(1350, 0, '2019-12-19 15:07:50'),
(1351, 0, '2019-12-19 15:07:51'),
(1352, 0, '2019-12-19 15:07:53'),
(1353, 0, '2019-12-19 16:45:42'),
(1354, 0, '2019-12-19 17:11:40'),
(1355, 0, '2019-12-19 19:07:38'),
(1356, 0, '2019-12-19 21:13:33'),
(1357, 0, '2019-12-20 01:51:43'),
(1358, 0, '2019-12-20 03:13:47'),
(1359, 0, '2019-12-20 04:28:27'),
(1360, 0, '2019-12-20 04:40:52'),
(1361, 0, '2019-12-20 05:20:03'),
(1362, 0, '2019-12-20 07:11:48'),
(1363, 0, '2019-12-20 08:00:41'),
(1364, 0, '2019-12-20 08:18:00'),
(1365, 0, '2019-12-20 12:25:16'),
(1366, 0, '2019-12-20 14:50:06'),
(1367, 0, '2019-12-20 16:15:41'),
(1368, 0, '2019-12-20 16:30:28'),
(1369, 0, '2019-12-20 16:41:44'),
(1370, 0, '2019-12-20 19:36:54'),
(1371, 0, '2019-12-20 20:08:39'),
(1372, 0, '2019-12-20 20:23:07'),
(1373, 0, '2019-12-20 21:38:52'),
(1374, 0, '2019-12-20 21:59:41'),
(1375, 0, '2019-12-21 00:52:33'),
(1376, 0, '2019-12-21 01:49:20'),
(1377, 0, '2019-12-21 03:50:55'),
(1378, 0, '2019-12-21 06:47:26'),
(1379, 0, '2019-12-21 07:52:13'),
(1380, 0, '2019-12-21 11:22:01'),
(1381, 0, '2019-12-21 13:01:11'),
(1382, 0, '2019-12-21 13:30:17'),
(1383, 0, '2019-12-21 14:41:05'),
(1384, 0, '2019-12-21 16:21:43'),
(1385, 0, '2019-12-21 16:42:15'),
(1386, 0, '2019-12-21 17:38:42'),
(1387, 0, '2019-12-21 22:54:50'),
(1388, 0, '2019-12-21 23:27:07'),
(1389, 0, '2019-12-22 08:02:26'),
(1390, 0, '2019-12-22 10:59:09'),
(1391, 0, '2019-12-22 13:14:56'),
(1392, 0, '2019-12-22 13:55:17'),
(1393, 0, '2019-12-22 15:09:51'),
(1394, 0, '2019-12-22 16:17:20'),
(1395, 0, '2019-12-22 17:54:36'),
(1396, 0, '2019-12-22 18:20:44'),
(1397, 0, '2019-12-22 19:02:05'),
(1398, 0, '2019-12-22 19:17:56'),
(1399, 0, '2019-12-22 21:54:24'),
(1400, 0, '2019-12-22 22:00:14'),
(1401, 0, '2019-12-22 22:33:04'),
(1402, 0, '2019-12-22 22:39:46'),
(1403, 0, '2019-12-22 22:40:52'),
(1404, 0, '2019-12-22 23:20:35'),
(1405, 0, '2019-12-23 00:13:03'),
(1406, 0, '2019-12-23 00:47:05'),
(1407, 0, '2019-12-23 00:48:15'),
(1408, 0, '2019-12-23 00:53:03'),
(1409, 0, '2019-12-23 01:07:45'),
(1410, 0, '2019-12-23 04:51:49'),
(1411, 0, '2019-12-23 04:51:58'),
(1412, 0, '2019-12-23 04:51:59'),
(1413, 0, '2019-12-23 04:52:00'),
(1414, 0, '2019-12-23 04:52:12'),
(1415, 0, '2019-12-23 04:52:17'),
(1416, 0, '2019-12-23 05:19:24'),
(1417, 0, '2019-12-23 06:53:42'),
(1418, 0, '2019-12-23 07:21:50'),
(1419, 0, '2019-12-23 08:17:53'),
(1420, 0, '2019-12-23 09:07:48'),
(1421, 1, '2019-12-23 09:08:27'),
(1422, 1, '2019-12-23 09:08:30'),
(1423, 1, '2019-12-23 09:08:36'),
(1424, 1, '2019-12-23 09:08:46'),
(1425, 1, '2019-12-23 09:08:58'),
(1426, 0, '2019-12-23 12:58:03'),
(1427, 0, '2019-12-23 18:18:54'),
(1428, 0, '2019-12-23 21:39:58'),
(1429, 0, '2019-12-23 23:23:07'),
(1430, 0, '2019-12-23 23:36:19'),
(1431, 0, '2019-12-23 23:42:45'),
(1432, 0, '2019-12-24 00:07:54'),
(1433, 0, '2019-12-24 00:43:17'),
(1434, 0, '2019-12-24 04:28:15'),
(1435, 0, '2019-12-24 05:44:53'),
(1436, 0, '2019-12-24 07:44:39'),
(1437, 0, '2019-12-24 08:29:56'),
(1438, 0, '2019-12-24 10:30:58'),
(1439, 0, '2019-12-24 13:37:41'),
(1440, 0, '2019-12-24 13:54:15'),
(1441, 0, '2019-12-24 14:56:18'),
(1442, 0, '2019-12-24 18:28:19'),
(1443, 0, '2019-12-24 21:33:56'),
(1444, 0, '2019-12-24 21:39:19'),
(1445, 0, '2019-12-24 22:04:19'),
(1446, 0, '2019-12-24 22:30:10'),
(1447, 0, '2019-12-25 00:30:37'),
(1448, 0, '2019-12-25 04:46:45'),
(1449, 0, '2019-12-25 05:26:41'),
(1450, 0, '2019-12-25 07:39:27'),
(1451, 0, '2019-12-25 08:54:51'),
(1452, 0, '2019-12-25 09:08:40'),
(1453, 0, '2019-12-25 09:35:24'),
(1454, 0, '2019-12-25 10:34:44'),
(1455, 0, '2019-12-25 13:56:54'),
(1456, 0, '2019-12-25 16:42:15'),
(1457, 0, '2019-12-26 00:47:26'),
(1458, 0, '2019-12-26 01:31:22'),
(1459, 0, '2019-12-26 02:27:43'),
(1460, 0, '2019-12-26 04:54:34'),
(1461, 0, '2019-12-26 05:40:13'),
(1462, 0, '2019-12-26 08:29:56'),
(1463, 0, '2019-12-26 09:00:12'),
(1464, 0, '2019-12-26 10:59:00'),
(1465, 0, '2019-12-26 13:12:14'),
(1466, 0, '2019-12-26 19:32:49'),
(1467, 0, '2019-12-26 20:10:35'),
(1468, 2, '2019-12-26 20:10:48'),
(1469, 2, '2019-12-26 20:11:06'),
(1470, 2, '2019-12-26 20:11:24'),
(1471, 2, '2019-12-26 20:11:35'),
(1472, 2, '2019-12-26 20:11:36'),
(1473, 2, '2019-12-26 20:11:39'),
(1474, 2, '2019-12-26 20:11:40'),
(1475, 2, '2019-12-26 20:11:44'),
(1476, 0, '2019-12-26 20:15:21'),
(1477, 1, '2019-12-26 20:15:31'),
(1478, 0, '2019-12-27 02:13:17'),
(1479, 0, '2019-12-27 05:17:24'),
(1480, 0, '2019-12-27 05:47:59'),
(1481, 0, '2019-12-27 15:52:42'),
(1482, 0, '2019-12-27 20:26:46'),
(1483, 0, '2019-12-27 22:52:02'),
(1484, 0, '2019-12-27 23:34:11'),
(1485, 0, '2019-12-28 01:59:01'),
(1486, 0, '2019-12-28 03:17:50'),
(1487, 0, '2019-12-28 03:21:19'),
(1488, 0, '2019-12-28 03:53:45'),
(1489, 0, '2019-12-28 04:18:04'),
(1490, 0, '2019-12-28 05:17:07'),
(1491, 0, '2019-12-28 05:19:22'),
(1492, 0, '2019-12-28 06:16:16'),
(1493, 0, '2019-12-28 08:51:15'),
(1494, 0, '2019-12-28 09:15:57'),
(1495, 0, '2019-12-28 10:27:53'),
(1496, 0, '2019-12-28 12:10:18'),
(1497, 0, '2019-12-28 13:35:56'),
(1498, 0, '2019-12-28 14:15:49'),
(1499, 0, '2019-12-28 15:06:27'),
(1500, 0, '2019-12-28 15:41:59'),
(1501, 0, '2019-12-28 16:00:56'),
(1502, 0, '2019-12-28 16:55:43'),
(1503, 0, '2019-12-28 17:31:14'),
(1504, 0, '2019-12-28 19:24:02'),
(1505, 0, '2019-12-28 20:32:52'),
(1506, 0, '2019-12-28 22:17:41'),
(1507, 0, '2019-12-29 00:01:53'),
(1508, 0, '2019-12-29 02:52:12'),
(1509, 0, '2019-12-29 04:20:53'),
(1510, 0, '2019-12-29 04:23:11'),
(1511, 0, '2019-12-29 05:07:25'),
(1512, 0, '2019-12-29 05:46:26'),
(1513, 0, '2019-12-29 13:58:34'),
(1514, 0, '2019-12-29 14:18:18'),
(1515, 0, '2019-12-29 16:28:35'),
(1516, 0, '2019-12-29 18:45:48'),
(1517, 0, '2019-12-29 19:26:19'),
(1518, 0, '2019-12-29 21:17:43'),
(1519, 0, '2019-12-29 23:09:33'),
(1520, 0, '2019-12-29 23:36:52'),
(1521, 0, '2019-12-30 04:54:53'),
(1522, 0, '2019-12-30 05:28:04'),
(1523, 0, '2019-12-30 06:14:43'),
(1524, 0, '2019-12-30 06:46:33'),
(1525, 0, '2019-12-30 07:40:19'),
(1526, 0, '2019-12-30 07:55:10'),
(1527, 0, '2019-12-30 08:35:25'),
(1528, 0, '2019-12-30 09:28:09'),
(1529, 0, '2019-12-30 09:49:15'),
(1530, 0, '2019-12-30 10:39:02'),
(1531, 0, '2019-12-30 11:19:38'),
(1532, 0, '2019-12-30 15:39:02'),
(1533, 0, '2019-12-30 15:39:34'),
(1534, 0, '2019-12-30 16:40:53'),
(1535, 0, '2019-12-30 21:16:20'),
(1536, 0, '2019-12-30 23:27:54'),
(1537, 0, '2019-12-31 00:46:28'),
(1538, 0, '2019-12-31 05:16:21'),
(1539, 0, '2019-12-31 07:12:49'),
(1540, 0, '2019-12-31 08:36:06'),
(1541, 0, '2019-12-31 12:26:19'),
(1542, 0, '2019-12-31 15:08:40'),
(1543, 0, '2019-12-31 17:22:28'),
(1544, 0, '2019-12-31 19:40:49'),
(1545, 0, '2019-12-31 20:56:49'),
(1546, 0, '2019-12-31 23:31:05'),
(1547, 0, '2020-01-01 03:59:47'),
(1548, 1, '2020-01-01 04:00:13'),
(1549, 0, '2020-01-01 06:43:43'),
(1550, 0, '2020-01-01 09:12:35'),
(1551, 0, '2020-01-01 09:15:53'),
(1552, 0, '2020-01-01 10:15:20'),
(1553, 0, '2020-01-01 12:38:04'),
(1554, 0, '2020-01-01 14:24:51'),
(1555, 0, '2020-01-01 15:02:35'),
(1556, 0, '2020-01-01 15:28:01'),
(1557, 0, '2020-01-01 16:39:49'),
(1558, 0, '2020-01-01 17:02:30'),
(1559, 0, '2020-01-01 17:51:21'),
(1560, 0, '2020-01-01 18:21:16'),
(1561, 0, '2020-01-01 18:32:23'),
(1562, 0, '2020-01-01 21:24:24'),
(1563, 0, '2020-01-01 21:26:04'),
(1564, 0, '2020-01-01 21:39:34'),
(1565, 0, '2020-01-01 23:37:57'),
(1566, 0, '2020-01-02 05:21:55'),
(1567, 0, '2020-01-02 05:28:12'),
(1568, 0, '2020-01-02 05:53:58'),
(1569, 0, '2020-01-02 06:07:07'),
(1570, 0, '2020-01-02 07:22:56'),
(1571, 0, '2020-01-02 08:11:37'),
(1572, 0, '2020-01-02 08:24:14'),
(1573, 0, '2020-01-02 11:20:37'),
(1574, 0, '2020-01-02 12:05:41'),
(1575, 0, '2020-01-02 12:37:33'),
(1576, 0, '2020-01-02 13:56:22'),
(1577, 0, '2020-01-02 17:07:15'),
(1578, 1, '2020-01-02 17:07:50'),
(1579, 0, '2020-01-02 20:13:50'),
(1580, 0, '2020-01-02 21:28:11'),
(1581, 0, '2020-01-03 02:40:19'),
(1582, 0, '2020-01-03 03:59:04'),
(1583, 0, '2020-01-03 07:17:34'),
(1584, 0, '2020-01-03 09:30:24'),
(1585, 0, '2020-01-03 15:37:55'),
(1586, 0, '2020-01-03 17:26:49'),
(1587, 0, '2020-01-03 17:27:05'),
(1588, 0, '2020-01-03 18:46:37'),
(1589, 0, '2020-01-03 20:08:32'),
(1590, 0, '2020-01-04 02:40:05'),
(1591, 0, '2020-01-04 03:51:31'),
(1592, 0, '2020-01-04 04:57:30'),
(1593, 0, '2020-01-04 09:42:21'),
(1594, 0, '2020-01-04 14:45:11');
INSERT INTO `tbl_logalg` (`id`, `user`, `logTime`) VALUES
(1595, 0, '2020-01-04 16:34:48'),
(1596, 0, '2020-01-04 18:06:32'),
(1597, 0, '2020-01-05 01:19:38'),
(1598, 0, '2020-01-05 06:18:27'),
(1599, 0, '2020-01-05 10:45:10'),
(1600, 0, '2020-01-05 10:52:33'),
(1601, 0, '2020-01-05 13:26:55'),
(1602, 0, '2020-01-05 13:26:55'),
(1603, 0, '2020-01-05 13:26:56'),
(1604, 0, '2020-01-05 14:55:40'),
(1605, 0, '2020-01-05 15:45:12'),
(1606, 0, '2020-01-05 16:19:53'),
(1607, 0, '2020-01-05 20:37:12'),
(1608, 1, '2020-01-06 02:33:54'),
(1609, 1, '2020-01-06 02:33:54'),
(1610, 0, '2020-01-06 02:54:31'),
(1611, 0, '2020-01-06 03:35:47'),
(1612, 0, '2020-01-06 04:28:28'),
(1613, 0, '2020-01-06 06:08:42'),
(1614, 0, '2020-01-06 07:02:53'),
(1615, 0, '2020-01-06 12:28:00'),
(1616, 0, '2020-01-06 13:00:28'),
(1617, 0, '2020-01-06 13:12:02'),
(1618, 0, '2020-01-06 17:25:32'),
(1619, 0, '2020-01-07 03:26:22'),
(1620, 0, '2020-01-07 06:20:36'),
(1621, 0, '2020-01-07 08:06:40'),
(1622, 0, '2020-01-07 10:19:05'),
(1623, 0, '2020-01-07 10:29:08'),
(1624, 0, '2020-01-07 11:51:01'),
(1625, 0, '2020-01-07 12:20:43'),
(1626, 0, '2020-01-07 14:45:17'),
(1627, 0, '2020-01-07 18:57:56'),
(1628, 0, '2020-01-07 20:23:10'),
(1629, 0, '2020-01-08 00:07:58'),
(1630, 0, '2020-01-08 00:14:53'),
(1631, 0, '2020-01-08 04:05:04'),
(1632, 0, '2020-01-08 06:31:35'),
(1633, 0, '2020-01-08 06:57:13'),
(1634, 1, '2020-01-08 08:18:37'),
(1635, 1, '2020-01-08 08:18:47'),
(1636, 1, '2020-01-08 08:19:35');

-- --------------------------------------------------------

--
-- Table structure for table `tbl_user`
--

CREATE TABLE `tbl_user` (
  `id` int(11) NOT NULL,
  `username` varchar(128) COLLATE utf8_unicode_ci NOT NULL,
  `password` varchar(128) COLLATE utf8_unicode_ci NOT NULL,
  `email` varchar(128) COLLATE utf8_unicode_ci NOT NULL,
  `role` tinyint(11) NOT NULL,
  `course` tinyint(11) NOT NULL
) ENGINE=MyISAM DEFAULT CHARSET=utf8 COLLATE=utf8_unicode_ci;

--
-- Dumping data for table `tbl_user`
--

INSERT INTO `tbl_user` (`id`, `username`, `password`, `email`, `role`, `course`) VALUES
(1, 'admin', 'Assa', 'assa@as.sa', 0, 0),
(2, 'doniyor', '456', 'assa@as.sa', 1, 4),
(3, 'muslim', '789', 'assa@as.sa', 2, 2),
(4, 'teshavoy', '321', 'assa@as.sa', 2, 3),
(102, 'ShahloS', 's102', 'shahlo102@mail.ru', 2, 127),
(103, 'BahriddinxojaA', 'b103', 'maxriddinxoja103@mail.ru', 2, 127),
(104, 'JumagulN', 'j104', 'jumagul_lesslet@mail.ru', 2, 126),
(105, 'ManzuraxonT', 'm105', 'manzuraxon105@mail.ru', 2, 127),
(106, 'FotimaX', 'f106', 'fotima106@mail.ru', 2, 127),
(107, 'OdinaxonR', 'o107', 'odinaxon107@mail.ru', 2, 127),
(108, 'GulsumoyE', 'g108', 'gulsumoy108@mail.ru', 2, 127),
(111, 'OzodaxonR', 'o111', 'ozodaxon111@mail.ru', 2, 127),
(112, 'ShohidaT', 's112', 'shohida112@mail.ru', 2, 127),
(114, 'OyatilloQ', 'o114', 'oyatilo_lesslet@mail.ru', 2, 126),
(115, 'DurdonaxonJ', 'd115', 'durdonaxon115@mail.ru', 2, 127),
(116, 'MunisaM', 'm116', 'munisa116@mail.ru', 2, 127),
(117, 'ShaxzodaxonG', 's117', 'shaxzodaxon_lesslet@mail.ru', 2, 126),
(119, 'MoxlaroyI', 'm119', 'moxlaroy119@mail.ru', 2, 127),
(309, 'ZikrinisoA', 'z309', 'zikriniso309@mail.ru', 2, 13),
(303, 'SamandarA', 's303', 'samandar_lesslet@mail.ru', 2, 126),
(118, 'AsilbekA', 'a118', 'asilbek_lesslet@mail.ru', 2, 126),
(310, 'nilufar', '13', 'user@mail.ru', 2, 127),
(311, 'mohinabonu', '24', 'user@mail.ru', 2, 127),
(312, 'axrorbek', '25', 'user@mail.ru', 2, 127),
(313, 'sevaraxon', '26', 'user@mail.ru', 2, 127),
(314, 'naziraxon', '9', 'user@mail.ru', 2, 127),
(315, 'doniyorbek', '28', 'user@mail.ru', 2, 127),
(316, 'husanboy', '31', 'user@mail.ru', 2, 127),
(317, 'husniddin', '29', 'user@mail.ru', 2, 127),
(318, 'irodaxon', '32', 'user@mail.ru', 2, 127),
(319, 'dilnavoxon', '33', 'user@mail.ru', 2, 127),
(320, 'mashhura', '34', 'user@mail.ru', 2, 127),
(321, 'javlonbek', '35', 'user@mail.ru', 2, 127),
(322, 'sanjarbek', '36', 'user@mail.ru', 2, 127),
(323, 'durdona', '46', 'user@mail.ru', 2, 127),
(324, 'xurshidbek', '37', 'user@mail.ru', 2, 127),
(325, 'zilola', '30', 'user@mail.ru', 2, 127),
(326, 'jumagul', '10', 'user@mail.ru', 2, 127),
(327, 'dilobarxon', '39', 'user@mail.ru', 2, 127),
(328, 'hikmatillo', '40', 'user@mail.ru', 2, 127),
(329, 'dilyorbek', '41', 'user@mail.ru', 2, 127),
(330, 'iqboloy', '42', 'user@mail.ru', 2, 127),
(331, 'gulida', '43', 'user@mail.ru', 2, 127),
(1101, 'Ma\'rufxo\'jaZ', 'm1101', 'ma’rufxo’ja_lesslet@mail.ru', 2, 126),
(1102, 'Go\'zaloyX', 'g1102', 'go\'zaloy_lesslet@mail.ru', 2, 126),
(1103, 'ShaxnozaX', 's1103', 'shaxnoza_lesslet@mail.ru', 2, 126),
(1104, 'DilnavoX', 'd1104', 'dilnavo_lesslet@mail.ru', 2, 126),
(1105, 'DoniyorbekT', 'd1105', 'doniyorbek_lesslet@mail.ru', 2, 126),
(1106, 'SaboxonT', 's1106', 'saboxon_lesslet@mail.ru', 2, 126),
(1107, 'EldorbekT', 'e1107', 'eldorbek_lesslet@mail.ru', 2, 126),
(1108, 'SanjarbekA', 's1108', 'sanjarbek_lesslet@mail.ru', 2, 126),
(1109, 'MUXTASARXONR', 'm1109', 'muxtasarxon_lesslet@mail.ru', 2, 126),
(1110, 'AxrorbekR', 'a1110', 'axrorbek_lesslet@mail.ru', 2, 126),
(1112, 'FaryozbekQ', 'f1112', 'faryozbek_lesslet@mail.ru', 2, 126),
(1113, 'Ra\'noxonO', 'r1113', 'ra\'noxon_lesslet@mail.ru', 2, 126),
(1114, 'AbdulazizO', 'a1114', 'abdulaziz_lesslet@mail.ru', 2, 126),
(1115, 'AlimardonbekN', 'a1115', 'alimardonbek_lesslet@mail.ru', 2, 126),
(1117, 'AbdurahimM', 'a1117', 'abdurahim_lesslet@mail.ru', 2, 126),
(1118, 'mohichehram', 'm1118', 'mohichehra_lesslet@mail.ru', 2, 126),
(1119, 'Ra’noK', 'r1119', 'ra’no_lesslet@mail.ru', 2, 126),
(1120, 'AzizbekK', 'a1120', 'azizbek_lesslet@mail.ru', 2, 126),
(1121, 'NigoraI', 'n1121', 'nigora_lesslet@mail.ru', 2, 126),
(1123, 'DilhumorG', 'd1123', 'dilhumor_lesslet@mail.ru', 2, 126),
(1124, 'HimoyatxonA', 'h1124', 'himoyatxon_lesslet@mail.ru', 2, 126),
(1125, 'HusanboyA', 'h1125', 'husanboy_lesslet@mail.ru', 2, 126),
(1126, 'MohidilA', 'm1126', 'mohidil_lesslet@mail.ru', 2, 126),
(1127, 'SHoxbozbekA', 's1127', 'shoxbozbek_lesslet@mail.ru', 2, 126),
(1128, 'AnoraA', 'a1128', 'anora_lesslet@mail.ru', 2, 126),
(1131, 'JavlonbekA', 'j1131', 'javlonbek_lesslet@mail.ru', 2, 126),
(1132, 'OydinoyA', 'o1132', 'oydinoy_lesslet@mail.ru', 2, 126);

--
-- Indexes for dumped tables
--

--
-- Indexes for table `tbl_actions`
--
ALTER TABLE `tbl_actions`
  ADD PRIMARY KEY (`id`);

--
-- Indexes for table `tbl_algcon`
--
ALTER TABLE `tbl_algcon`
  ADD PRIMARY KEY (`id`);

--
-- Indexes for table `tbl_algtop`
--
ALTER TABLE `tbl_algtop`
  ADD PRIMARY KEY (`id`);

--
-- Indexes for table `tbl_input`
--
ALTER TABLE `tbl_input`
  ADD UNIQUE KEY `id` (`id`);

--
-- Indexes for table `tbl_lesslet`
--
ALTER TABLE `tbl_lesslet`
  ADD PRIMARY KEY (`id`);

--
-- Indexes for table `tbl_log`
--
ALTER TABLE `tbl_log`
  ADD PRIMARY KEY (`id`);

--
-- Indexes for table `tbl_logalg`
--
ALTER TABLE `tbl_logalg`
  ADD PRIMARY KEY (`id`);

--
-- Indexes for table `tbl_user`
--
ALTER TABLE `tbl_user`
  ADD PRIMARY KEY (`id`);

--
-- AUTO_INCREMENT for dumped tables
--

--
-- AUTO_INCREMENT for table `tbl_actions`
--
ALTER TABLE `tbl_actions`
  MODIFY `id` int(11) NOT NULL AUTO_INCREMENT, AUTO_INCREMENT=58;

--
-- AUTO_INCREMENT for table `tbl_algcon`
--
ALTER TABLE `tbl_algcon`
  MODIFY `id` int(11) NOT NULL AUTO_INCREMENT, AUTO_INCREMENT=30;

--
-- AUTO_INCREMENT for table `tbl_algtop`
--
ALTER TABLE `tbl_algtop`
  MODIFY `id` int(11) NOT NULL AUTO_INCREMENT, AUTO_INCREMENT=12;

--
-- AUTO_INCREMENT for table `tbl_input`
--
ALTER TABLE `tbl_input`
  MODIFY `id` int(11) NOT NULL AUTO_INCREMENT, AUTO_INCREMENT=87;

--
-- AUTO_INCREMENT for table `tbl_lesslet`
--
ALTER TABLE `tbl_lesslet`
  MODIFY `id` int(11) NOT NULL AUTO_INCREMENT, AUTO_INCREMENT=47;

--
-- AUTO_INCREMENT for table `tbl_log`
--
ALTER TABLE `tbl_log`
  MODIFY `id` int(11) NOT NULL AUTO_INCREMENT, AUTO_INCREMENT=100;

--
-- AUTO_INCREMENT for table `tbl_logalg`
--
ALTER TABLE `tbl_logalg`
  MODIFY `id` int(11) NOT NULL AUTO_INCREMENT, AUTO_INCREMENT=1637;

--
-- AUTO_INCREMENT for table `tbl_user`
--
ALTER TABLE `tbl_user`
  MODIFY `id` int(11) NOT NULL AUTO_INCREMENT, AUTO_INCREMENT=1133;
COMMIT;

/*!40101 SET CHARACTER_SET_CLIENT=@OLD_CHARACTER_SET_CLIENT */;
/*!40101 SET CHARACTER_SET_RESULTS=@OLD_CHARACTER_SET_RESULTS */;
/*!40101 SET COLLATION_CONNECTION=@OLD_COLLATION_CONNECTION */;
